,InvoiceNo,StockCode,Description,Quantity,InvoiceDate,UnitPrice,CustomerID,Country
6391,536941,22734,amazon,20,12/3/2010 12:08,0.0,0,United Kingdom
6392,536942,22139,amazon,15,12/3/2010 12:08,0.0,0,United Kingdom
7313,537032,21275,?,-30,12/3/2010 16:50,0.0,0,United Kingdom
9302,537197,22841,ROUND CAKE TIN VINTAGE GREEN,1,12/5/2010 14:02,0.0,12647,Germany
13217,537425,84968F,check,-20,12/6/2010 15:35,0.0,0,United Kingdom
13218,537426,84968E,check,-35,12/6/2010 15:36,0.0,0,United Kingdom
13264,537432,35833G,damages,-43,12/6/2010 16:10,0.0,0,United Kingdom
14335,537534,85064,CREAM SWEETHEART LETTER RACK,1,12/7/2010 11:48,0.0,0,United Kingdom
14336,537534,84832,ZINC WILLIE WINKIE  CANDLE STICK,1,12/7/2010 11:48,0.0,0,United Kingdom
14337,537534,84692,BOX OF 24 COCKTAIL PARASOLS,2,12/7/2010 11:48,0.0,0,United Kingdom
14338,537534,48184,DOORMAT ENGLISH ROSE ,3,12/7/2010 11:48,0.0,0,United Kingdom
14339,537534,48111,DOORMAT 3 SMILEY CATS,1,12/7/2010 11:48,0.0,0,United Kingdom
14340,537534,22697,GREEN REGENCY TEACUP AND SAUCER,1,12/7/2010 11:48,0.0,0,United Kingdom
14341,537534,22682,FRENCH BLUE METAL DOOR SIGN 7,1,12/7/2010 11:48,0.0,0,United Kingdom
14342,537534,22680,FRENCH BLUE METAL DOOR SIGN 5,1,12/7/2010 11:48,0.0,0,United Kingdom
14343,537534,22681,FRENCH BLUE METAL DOOR SIGN 6,2,12/7/2010 11:48,0.0,0,United Kingdom
14344,537534,22679,FRENCH BLUE METAL DOOR SIGN 4,5,12/7/2010 11:48,0.0,0,United Kingdom
14345,537534,22686,FRENCH BLUE METAL DOOR SIGN No,2,12/7/2010 11:48,0.0,0,United Kingdom
14346,537534,22683,FRENCH BLUE METAL DOOR SIGN 8,3,12/7/2010 11:48,0.0,0,United Kingdom
14347,537534,22676,FRENCH BLUE METAL DOOR SIGN 1,3,12/7/2010 11:48,0.0,0,United Kingdom
14348,537534,22625,RED KITCHEN SCALES,1,12/7/2010 11:48,0.0,0,United Kingdom
14349,537534,22624,IVORY KITCHEN SCALES,3,12/7/2010 11:48,0.0,0,United Kingdom
14350,537534,22619,SET OF 6 SOLDIER SKITTLES,1,12/7/2010 11:48,0.0,0,United Kingdom
14351,537534,22520,CHILDS GARDEN TROWEL BLUE ,1,12/7/2010 11:48,0.0,0,United Kingdom
14352,537534,22524,CHILDRENS GARDEN GLOVES BLUE,3,12/7/2010 11:48,0.0,0,United Kingdom
14353,537534,22502,PICNIC BASKET WICKER SMALL,29,12/7/2010 11:48,0.0,0,United Kingdom
14354,537534,22501,PICNIC BASKET WICKER LARGE,2,12/7/2010 11:48,0.0,0,United Kingdom
14355,537534,22476,EMPIRE UNION JACK TV DINNER TRAY,1,12/7/2010 11:48,0.0,0,United Kingdom
14356,537534,22473,TV DINNER TRAY VINTAGE PAISLEY,1,12/7/2010 11:48,0.0,0,United Kingdom
14357,537534,22474,SPACEBOY TV DINNER TRAY,1,12/7/2010 11:48,0.0,0,United Kingdom
14358,537534,22472,TV DINNER TRAY DOLLY GIRL,1,12/7/2010 11:48,0.0,0,United Kingdom
14359,537534,22520,CHILDS GARDEN TROWEL BLUE ,1,12/7/2010 11:48,0.0,0,United Kingdom
14360,537534,22514,CHILDS GARDEN SPADE BLUE,1,12/7/2010 11:48,0.0,0,United Kingdom
14361,537534,22516,CHILDS GARDEN RAKE BLUE,1,12/7/2010 11:48,0.0,0,United Kingdom
14362,537534,22432,WATERING CAN PINK BUNNY,1,12/7/2010 11:48,0.0,0,United Kingdom
14363,537534,22428,ENAMEL FIRE BUCKET CREAM,3,12/7/2010 11:48,0.0,0,United Kingdom
14364,537534,22427,ENAMEL FLOWER JUG CREAM,1,12/7/2010 11:48,0.0,0,United Kingdom
14365,537534,22376,AIRLINE BAG VINTAGE JET SET WHITE,1,12/7/2010 11:48,0.0,0,United Kingdom
14366,537534,22375,AIRLINE BAG VINTAGE JET SET BROWN,1,12/7/2010 11:48,0.0,0,United Kingdom
14367,537534,22372,AIRLINE BAG VINTAGE WORLD CHAMPION ,1,12/7/2010 11:48,0.0,0,United Kingdom
14368,537534,22371,AIRLINE BAG VINTAGE TOKYO 78,5,12/7/2010 11:48,0.0,0,United Kingdom
14369,537534,22620,4 TRADITIONAL SPINNING TOPS,1,12/7/2010 11:48,0.0,0,United Kingdom
14370,537534,22624,IVORY KITCHEN SCALES,1,12/7/2010 11:48,0.0,0,United Kingdom
14371,537534,22109,FULL ENGLISH BREAKFAST PLATE,1,12/7/2010 11:48,0.0,0,United Kingdom
14372,537534,22367,CHILDRENS APRON SPACEBOY DESIGN,1,12/7/2010 11:48,0.0,0,United Kingdom
14373,537534,22366,DOORMAT AIRMAIL ,1,12/7/2010 11:48,0.0,0,United Kingdom
14374,537534,22364,GLASS JAR DIGESTIVE BISCUITS,1,12/7/2010 11:48,0.0,0,United Kingdom
14375,537534,22362,GLASS JAR PEACOCK BATH SALTS,3,12/7/2010 11:48,0.0,0,United Kingdom
14376,537534,22360,GLASS JAR ENGLISH CONFECTIONERY,1,12/7/2010 11:48,0.0,0,United Kingdom
14377,537534,22361,GLASS JAR DAISY FRESH COTTON WOOL,2,12/7/2010 11:48,0.0,0,United Kingdom
14378,537534,22359,GLASS JAR KINGS CHOICE,1,12/7/2010 11:48,0.0,0,United Kingdom
14379,537534,22353,LUNCH BOX WITH CUTLERY FAIRY CAKES ,1,12/7/2010 11:48,0.0,0,United Kingdom
14380,537534,22350,ILLUSTRATED CAT BOWL ,1,12/7/2010 11:48,0.0,0,United Kingdom
14381,537534,22327,ROUND SNACK BOXES SET OF 4 SKULLS,1,12/7/2010 11:48,0.0,0,United Kingdom
14382,537534,21116,OWL DOORSTOP,1,12/7/2010 11:48,0.0,0,United Kingdom
14383,537534,22202,MILK PAN PINK POLKADOT,2,12/7/2010 11:48,0.0,0,United Kingdom
14384,537534,22550,HOLIDAY FUN LUDO,1,12/7/2010 11:48,0.0,0,United Kingdom
14385,537534,21912,VINTAGE SNAKES & LADDERS,1,12/7/2010 11:48,0.0,0,United Kingdom
14386,537534,21891,TRADITIONAL WOODEN SKIPPING ROPE,1,12/7/2010 11:48,0.0,0,United Kingdom
14387,537534,21559,STRAWBERRY LUNCH BOX WITH CUTLERY,1,12/7/2010 11:48,0.0,0,United Kingdom
14388,537534,21531,RED RETROSPOT SUGAR JAM BOWL,2,12/7/2010 11:48,0.0,0,United Kingdom
14389,537534,20726,LUNCH BAG WOODLAND,1,12/7/2010 11:48,0.0,0,United Kingdom
14390,537534,20652,BLUE POLKADOT LUGGAGE TAG ,1,12/7/2010 11:48,0.0,0,United Kingdom
14391,537534,20615,BLUE POLKADOT PASSPORT COVER,1,12/7/2010 11:48,0.0,0,United Kingdom
15651,537639,22734,amazon,30,12/7/2010 15:29,0.0,0,United Kingdom
15657,537640,21232,STRAWBERRY CERAMIC TRINKET BOX,1,12/7/2010 15:31,0.0,0,United Kingdom
21049,538071,22585,PACK OF 6 BIRDY GIFT TAGS,1,12/9/2010 14:09,0.0,0,United Kingdom
21338,538072,22423,faulty,-13,12/9/2010 14:10,0.0,0,United Kingdom
21518,538090,20956,?,-723,12/9/2010 14:48,0.0,0,United Kingdom
22296,538161,46000S,Dotcom sales,-100,12/9/2010 17:25,0.0,0,United Kingdom
22297,538162,46000M,Dotcom sales,-100,12/9/2010 17:25,0.0,0,United Kingdom
24290,538348,22734,amazon,30,12/10/2010 14:59,0.0,0,United Kingdom
30555,538873,22734,amazon sales,20,12/14/2010 15:13,0.0,0,United Kingdom
30603,538877,21479,WHITE SKULL HOT WATER BOTTLE ,1,12/14/2010 15:29,0.0,0,United Kingdom
30644,538877,22112,CHOCOLATE HOT WATER BOTTLE,1,12/14/2010 15:29,0.0,0,United Kingdom
30657,538877,22356,CHARLOTTE BAG PINK POLKADOT,1,12/14/2010 15:29,0.0,0,United Kingdom
33576,539263,22580,ADVENT CALENDAR GINGHAM SACK,4,12/16/2010 14:36,0.0,16560,United Kingdom
38261,539494,21479,?,752,12/20/2010 10:36,0.0,0,United Kingdom
39047,539611,85135B,Found,53,12/20/2010 14:33,0.0,0,United Kingdom
40089,539722,22423,REGENCY CAKESTAND 3 TIER,10,12/21/2010 13:45,0.0,14911,EIRE
40952,539750,22114,HOT WATER BOTTLE TEA AND SYMPATHY,1,12/21/2010 15:40,0.0,0,United Kingdom
40984,539750,22652,TRAVEL SEWING KIT,1,12/21/2010 15:40,0.0,0,United Kingdom
41072,539750,21080,SET/20 RED RETROSPOT PAPER NAPKINS ,2,12/21/2010 15:40,0.0,0,United Kingdom
41094,539750,21481,FAWN BLUE HOT WATER BOTTLE,1,12/21/2010 15:40,0.0,0,United Kingdom
41444,539856,22444,GROW YOUR OWN PLANT IN A CAN ,1,12/22/2010 14:41,0.0,0,United Kingdom
41445,539856,20682,RED RETROSPOT CHILDRENS UMBRELLA,2,12/22/2010 14:41,0.0,0,United Kingdom
41446,539856,20724,RED RETROSPOT CHARLOTTE BAG,2,12/22/2010 14:41,0.0,0,United Kingdom
41447,539856,18098C,PORCELAIN BUTTERFLY OIL BURNER,2,12/22/2010 14:41,0.0,0,United Kingdom
41449,539856,85123A,WHITE HANGING HEART T-LIGHT HOLDER,1,12/22/2010 14:41,0.0,0,United Kingdom
41450,539856,84968E,SET OF 16 VINTAGE BLACK CUTLERY,1,12/22/2010 14:41,0.0,0,United Kingdom
41451,539856,84872A,TEATIME FUNKY FLOWER BACKPACK FOR 2,2,12/22/2010 14:41,0.0,0,United Kingdom
41452,539856,22518,CHILDS GARDEN BRUSH BLUE,1,12/22/2010 14:41,0.0,0,United Kingdom
41453,539856,84692,BOX OF 24 COCKTAIL PARASOLS,2,12/22/2010 14:41,0.0,0,United Kingdom
41454,539856,79321,CHILLI LIGHTS,1,12/22/2010 14:41,0.0,0,United Kingdom
41455,539856,48194,DOORMAT HEARTS,2,12/22/2010 14:41,0.0,0,United Kingdom
41456,539856,37333,"RETRO ""TEA FOR ONE"" ",1,12/22/2010 14:41,0.0,0,United Kingdom
41457,539856,22843,BISCUIT TIN VINTAGE GREEN,1,12/22/2010 14:41,0.0,0,United Kingdom
41458,539856,22842,BISCUIT TIN VINTAGE RED,1,12/22/2010 14:41,0.0,0,United Kingdom
41459,539856,22690,DOORMAT HOME SWEET HOME BLUE ,2,12/22/2010 14:41,0.0,0,United Kingdom
41460,539856,85099B,JUMBO BAG RED RETROSPOT,1,12/22/2010 14:41,0.0,0,United Kingdom
41461,539856,22685,FRENCH BLUE METAL DOOR SIGN 0,2,12/22/2010 14:41,0.0,0,United Kingdom
41462,539856,22684,FRENCH BLUE METAL DOOR SIGN 9,1,12/22/2010 14:41,0.0,0,United Kingdom
41463,539856,22686,FRENCH BLUE METAL DOOR SIGN No,2,12/22/2010 14:41,0.0,0,United Kingdom
41464,539856,22682,FRENCH BLUE METAL DOOR SIGN 7,3,12/22/2010 14:41,0.0,0,United Kingdom
41465,539856,22683,FRENCH BLUE METAL DOOR SIGN 8,2,12/22/2010 14:41,0.0,0,United Kingdom
41466,539856,22681,FRENCH BLUE METAL DOOR SIGN 6,1,12/22/2010 14:41,0.0,0,United Kingdom
41467,539856,22679,FRENCH BLUE METAL DOOR SIGN 4,2,12/22/2010 14:41,0.0,0,United Kingdom
41468,539856,22678,FRENCH BLUE METAL DOOR SIGN 3,2,12/22/2010 14:41,0.0,0,United Kingdom
41469,539856,22680,FRENCH BLUE METAL DOOR SIGN 5,1,12/22/2010 14:41,0.0,0,United Kingdom
41470,539856,22677,FRENCH BLUE METAL DOOR SIGN 2,6,12/22/2010 14:41,0.0,0,United Kingdom
41471,539856,22676,FRENCH BLUE METAL DOOR SIGN 1,5,12/22/2010 14:41,0.0,0,United Kingdom
41472,539856,22666,RECIPE BOX PANTRY YELLOW DESIGN,7,12/22/2010 14:41,0.0,0,United Kingdom
41473,539856,22665,RECIPE BOX BLUE SKETCHBOOK DESIGN,2,12/22/2010 14:41,0.0,0,United Kingdom
41474,539856,22650,CERAMIC PIRATE CHEST MONEY BANK,1,12/22/2010 14:41,0.0,0,United Kingdom
41475,539856,22647,CERAMIC LOVE HEART MONEY BANK,1,12/22/2010 14:41,0.0,0,United Kingdom
41476,539856,22626,BLACK KITCHEN SCALES,3,12/22/2010 14:41,0.0,0,United Kingdom
41477,539856,22625,RED KITCHEN SCALES,7,12/22/2010 14:41,0.0,0,United Kingdom
41478,539856,22624,IVORY KITCHEN SCALES,3,12/22/2010 14:41,0.0,0,United Kingdom
41479,539856,22619,SET OF 6 SOLDIER SKITTLES,1,12/22/2010 14:41,0.0,0,United Kingdom
41480,539856,22526,WHEELBARROW FOR CHILDREN ,1,12/22/2010 14:41,0.0,0,United Kingdom
41481,539856,22525,CHILDRENS GARDEN GLOVES PINK,3,12/22/2010 14:41,0.0,0,United Kingdom
41482,539856,22524,CHILDRENS GARDEN GLOVES BLUE,1,12/22/2010 14:41,0.0,0,United Kingdom
41483,539856,22518,CHILDS GARDEN BRUSH BLUE,1,12/22/2010 14:41,0.0,0,United Kingdom
41484,539856,22514,CHILDS GARDEN SPADE BLUE,1,12/22/2010 14:41,0.0,0,United Kingdom
41485,539856,22512,DOORSTOP RACING CAR DESIGN,1,12/22/2010 14:41,0.0,0,United Kingdom
41486,539856,22475,SKULL DESIGN TV DINNER TRAY,5,12/22/2010 14:41,0.0,0,United Kingdom
41487,539856,22431,WATERING CAN BLUE ELEPHANT,1,12/22/2010 14:41,0.0,0,United Kingdom
41488,539856,22428,ENAMEL FIRE BUCKET CREAM,4,12/22/2010 14:41,0.0,0,United Kingdom
41489,539856,22426,ENAMEL WASH BOWL CREAM,2,12/22/2010 14:41,0.0,0,United Kingdom
41490,539856,22374,AIRLINE BAG VINTAGE JET SET RED,3,12/22/2010 14:41,0.0,0,United Kingdom
41491,539856,22375,AIRLINE BAG VINTAGE JET SET BROWN,3,12/22/2010 14:41,0.0,0,United Kingdom
41492,539856,22372,AIRLINE BAG VINTAGE WORLD CHAMPION ,1,12/22/2010 14:41,0.0,0,United Kingdom
41493,539856,22371,AIRLINE BAG VINTAGE TOKYO 78,3,12/22/2010 14:41,0.0,0,United Kingdom
41494,539856,22367,CHILDRENS APRON SPACEBOY DESIGN,2,12/22/2010 14:41,0.0,0,United Kingdom
41495,539856,22361,GLASS JAR DAISY FRESH COTTON WOOL,2,12/22/2010 14:41,0.0,0,United Kingdom
41496,539856,22360,GLASS JAR ENGLISH CONFECTIONERY,1,12/22/2010 14:41,0.0,0,United Kingdom
41497,539856,22357,KINGS CHOICE BISCUIT TIN,7,12/22/2010 14:41,0.0,0,United Kingdom
41498,539856,22350,ILLUSTRATED CAT BOWL ,1,12/22/2010 14:41,0.0,0,United Kingdom
41499,539856,22327,ROUND SNACK BOXES SET OF 4 SKULLS,1,12/22/2010 14:41,0.0,0,United Kingdom
41500,539856,22072,RED RETROSPOT TEA CUP AND SAUCER ,1,12/22/2010 14:41,0.0,0,United Kingdom
41501,539856,21912,VINTAGE SNAKES & LADDERS,1,12/22/2010 14:41,0.0,0,United Kingdom
41502,539856,21791,VINTAGE HEADS AND TAILS CARD GAME ,1,12/22/2010 14:41,0.0,0,United Kingdom
41503,539856,22550,HOLIDAY FUN LUDO,1,12/22/2010 14:41,0.0,0,United Kingdom
41504,539856,21888,BINGO SET,2,12/22/2010 14:41,0.0,0,United Kingdom
41505,539856,21539,RED RETROSPOT BUTTER DISH,3,12/22/2010 14:41,0.0,0,United Kingdom
41506,539856,21258,VICTORIAN SEWING BOX LARGE,3,12/22/2010 14:41,0.0,0,United Kingdom
41507,539856,21116,OWL DOORSTOP,1,12/22/2010 14:41,0.0,0,United Kingdom
41508,539856,20719,WOODLAND CHARLOTTE BAG,1,12/22/2010 14:41,0.0,0,United Kingdom
42564,540010,22501,reverse 21/5/10 adjustment,-100,1/4/2011 11:13,0.0,0,United Kingdom
42566,540012,22502,reverse 21/5/10 adjustment,-100,1/4/2011 11:14,0.0,0,United Kingdom
43662,540100,22837,?,-106,1/4/2011 16:53,0.0,0,United Kingdom
46579,540355,20724,RED RETROSPOT CHARLOTTE BAG,1,1/6/2011 15:11,0.0,0,United Kingdom
46673,540356,20724,RED RETROSPOT CHARLOTTE BAG,1,1/6/2011 15:12,0.0,0,United Kingdom
47068,540372,22090,PAPER BUNTING RETROSPOT,24,1/6/2011 16:41,0.0,13081,United Kingdom
47070,540372,22553,PLASTERS IN TIN SKULLS,24,1/6/2011 16:41,0.0,13081,United Kingdom
50806,540558,21258,?,-29,1/10/2011 10:04,0.0,0,United Kingdom
50849,540564,22617,"mouldy, thrown away.",-2600,1/10/2011 10:36,0.0,0,United Kingdom
51049,540638,72038P,damages,-990,1/10/2011 12:14,0.0,0,United Kingdom
51673,540651,82599,?,-290,1/10/2011 15:00,0.0,0,United Kingdom
51757,540673,21644,found,144,1/10/2011 16:04,0.0,0,United Kingdom
51758,540674,22837,Found,26,1/10/2011 16:05,0.0,0,United Kingdom
51759,540675,20748,Found,40,1/10/2011 16:05,0.0,0,United Kingdom
53353,540832,21670,BLUE SPOT CERAMIC DRAWER KNOB,2,1/11/2011 14:42,0.0,0,United Kingdom
53355,540832,21673,WHITE SPOT BLUE CERAMIC DRAWER KNOB,1,1/11/2011 14:42,0.0,0,United Kingdom
53364,540832,84692,BOX OF 24 COCKTAIL PARASOLS,1,1/11/2011 14:42,0.0,0,United Kingdom
53378,540832,20724,RED RETROSPOT CHARLOTTE BAG,1,1/11/2011 14:42,0.0,0,United Kingdom
53391,540832,22423,REGENCY CAKESTAND 3 TIER,1,1/11/2011 14:42,0.0,0,United Kingdom
55189,540978,84050,counted,-310,1/12/2011 15:04,0.0,0,United Kingdom
56674,541109,22168,ORGANISER WOOD ANTIQUE WHITE ,1,1/13/2011 15:10,0.0,15107,United Kingdom
65063,541685,22351,Given away,-1400,1/20/2011 15:41,0.0,0,United Kingdom
65077,541687,46000S,Dotcom,-300,1/20/2011 15:42,0.0,0,United Kingdom
68920,541882,48185,?,-57,1/24/2011 10:54,0.0,0,United Kingdom
72006,542225,85096,label mix up,-59,1/26/2011 13:10,0.0,0,United Kingdom
73589,542361,85161,samples/damages,-20,1/27/2011 12:47,0.0,0,United Kingdom
78235,542861,47591B,?,-207,2/1/2011 11:47,0.0,0,United Kingdom
82794,543257,84611B,thrown away,-1430,2/4/2011 16:06,0.0,0,United Kingdom
82796,543259,84612B,thrown away,-162,2/4/2011 16:07,0.0,0,United Kingdom
82797,543260,84613A,thrown away,-230,2/4/2011 16:07,0.0,0,United Kingdom
82799,543262,84614A,thrown away,-390,2/4/2011 16:08,0.0,0,United Kingdom
86789,543599,84535B,FAIRY CAKES NOTEBOOK A6 SIZE,16,2/10/2011 13:08,0.0,17560,United Kingdom
89118,543827,84406B,incorrectly made-thrown away.,-64,2/14/2011 9:44,0.0,0,United Kingdom
94765,544410,84997C,?,-741,2/18/2011 13:54,0.0,0,United Kingdom
97643,544649,21621,?,-400,2/22/2011 12:37,0.0,0,United Kingdom
104271,545160,22666,RECIPE BOX PANTRY YELLOW DESIGN,1,2/28/2011 13:31,0.0,0,United Kingdom
104272,545160,22627,MINT KITCHEN SCALES,1,2/28/2011 13:31,0.0,0,United Kingdom
104273,545160,22625,RED KITCHEN SCALES,1,2/28/2011 13:31,0.0,0,United Kingdom
104274,545160,22559,SEASIDE FLYING DISC,1,2/28/2011 13:31,0.0,0,United Kingdom
104401,545176,22470,HEART OF WICKER LARGE,1,2/28/2011 14:19,0.0,0,United Kingdom
104402,545176,22374,AIRLINE BAG VINTAGE JET SET RED,2,2/28/2011 14:19,0.0,0,United Kingdom
104403,545176,22371,AIRLINE BAG VINTAGE TOKYO 78,1,2/28/2011 14:19,0.0,0,United Kingdom
104404,545176,22365,DOORMAT RESPECTABLE HOUSE,1,2/28/2011 14:19,0.0,0,United Kingdom
104405,545176,22363,GLASS JAR MARMALADE ,1,2/28/2011 14:19,0.0,0,United Kingdom
104406,545176,22360,GLASS JAR ENGLISH CONFECTIONERY,1,2/28/2011 14:19,0.0,0,United Kingdom
104407,545176,22364,GLASS JAR DIGESTIVE BISCUITS,1,2/28/2011 14:19,0.0,0,United Kingdom
104408,545176,22359,GLASS JAR KINGS CHOICE,2,2/28/2011 14:19,0.0,0,United Kingdom
104409,545176,22357,KINGS CHOICE BISCUIT TIN,3,2/28/2011 14:19,0.0,0,United Kingdom
104410,545176,22350,ILLUSTRATED CAT BOWL ,1,2/28/2011 14:19,0.0,0,United Kingdom
104411,545176,22300,COFFEE MUG DOG + BALL DESIGN,1,2/28/2011 14:19,0.0,0,United Kingdom
104412,545176,22064,PINK DOUGHNUT TRINKET POT ,1,2/28/2011 14:19,0.0,0,United Kingdom
104413,545176,21888,BINGO SET,1,2/28/2011 14:19,0.0,0,United Kingdom
104414,545176,21116,OWL DOORSTOP,5,2/28/2011 14:19,0.0,0,United Kingdom
104415,545176,20724,RED RETROSPOT CHARLOTTE BAG,1,2/28/2011 14:19,0.0,0,United Kingdom
104416,545176,20685,DOORMAT RED RETROSPOT,1,2/28/2011 14:19,0.0,0,United Kingdom
104417,545176,20652,BLUE POLKADOT LUGGAGE TAG ,3,2/28/2011 14:19,0.0,0,United Kingdom
104418,545176,20615,BLUE POLKADOT PASSPORT COVER,3,2/28/2011 14:19,0.0,0,United Kingdom
104419,545176,18098C,PORCELAIN BUTTERFLY OIL BURNER,6,2/28/2011 14:19,0.0,0,United Kingdom
104420,545176,22383,LUNCH BAG SUKI DESIGN ,1,2/28/2011 14:19,0.0,0,United Kingdom
104421,545176,85099F,JUMBO BAG STRAWBERRY,1,2/28/2011 14:19,0.0,0,United Kingdom
104422,545176,84968E,SET OF 16 VINTAGE BLACK CUTLERY,1,2/28/2011 14:19,0.0,0,United Kingdom
104423,545176,84872A,TEATIME FUNKY FLOWER BACKPACK FOR 2,1,2/28/2011 14:19,0.0,0,United Kingdom
104424,545176,22676,FRENCH BLUE METAL DOOR SIGN 1,1,2/28/2011 14:19,0.0,0,United Kingdom
104425,545176,21899,"KEY FOB , GARAGE DESIGN",1,2/28/2011 14:19,0.0,0,United Kingdom
104426,545176,22524,CHILDRENS GARDEN GLOVES BLUE,1,2/28/2011 14:19,0.0,0,United Kingdom
104427,545176,84692,BOX OF 24 COCKTAIL PARASOLS,1,2/28/2011 14:19,0.0,0,United Kingdom
104428,545176,79321,CHILLI LIGHTS,1,2/28/2011 14:19,0.0,0,United Kingdom
104429,545176,37333,"RETRO ""TEA FOR ONE"" ",3,2/28/2011 14:19,0.0,0,United Kingdom
104430,545176,22697,GREEN REGENCY TEACUP AND SAUCER,1,2/28/2011 14:19,0.0,0,United Kingdom
104431,545176,22699,ROSES REGENCY TEACUP AND SAUCER ,1,2/28/2011 14:19,0.0,0,United Kingdom
104432,545176,22698,PINK REGENCY TEACUP AND SAUCER,1,2/28/2011 14:19,0.0,0,United Kingdom
104433,545176,22689,DOORMAT MERRY CHRISTMAS RED ,3,2/28/2011 14:19,0.0,0,United Kingdom
104434,545176,22681,FRENCH BLUE METAL DOOR SIGN 6,2,2/28/2011 14:19,0.0,0,United Kingdom
104435,545176,22678,FRENCH BLUE METAL DOOR SIGN 3,1,2/28/2011 14:19,0.0,0,United Kingdom
104436,545176,22686,FRENCH BLUE METAL DOOR SIGN No,2,2/28/2011 14:19,0.0,0,United Kingdom
104437,545176,22681,FRENCH BLUE METAL DOOR SIGN 6,3,2/28/2011 14:19,0.0,0,United Kingdom
104438,545176,22677,FRENCH BLUE METAL DOOR SIGN 2,1,2/28/2011 14:19,0.0,0,United Kingdom
104439,545176,22683,FRENCH BLUE METAL DOOR SIGN 8,1,2/28/2011 14:19,0.0,0,United Kingdom
104440,545176,22676,FRENCH BLUE METAL DOOR SIGN 1,2,2/28/2011 14:19,0.0,0,United Kingdom
104441,545176,22665,RECIPE BOX BLUE SKETCHBOOK DESIGN,1,2/28/2011 14:19,0.0,0,United Kingdom
104442,545176,22649,STRAWBERRY FAIRY CAKE TEAPOT,1,2/28/2011 14:19,0.0,0,United Kingdom
104443,545176,22627,MINT KITCHEN SCALES,1,2/28/2011 14:19,0.0,0,United Kingdom
104444,545176,22625,RED KITCHEN SCALES,4,2/28/2011 14:19,0.0,0,United Kingdom
104445,545176,22624,IVORY KITCHEN SCALES,8,2/28/2011 14:19,0.0,0,United Kingdom
104446,545176,22619,SET OF 6 SOLDIER SKITTLES,1,2/28/2011 14:19,0.0,0,United Kingdom
104447,545176,22550,HOLIDAY FUN LUDO,1,2/28/2011 14:19,0.0,0,United Kingdom
104448,545176,22473,TV DINNER TRAY VINTAGE PAISLEY,1,2/28/2011 14:19,0.0,0,United Kingdom
104449,545176,22475,SKULL DESIGN TV DINNER TRAY,3,2/28/2011 14:19,0.0,0,United Kingdom
105719,545236,22797,damages,-15,3/1/2011 10:32,0.0,0,United Kingdom
107041,545401,21769,showroom,-5,3/2/2011 12:03,0.0,0,United Kingdom
108577,545546,84249A,check,-150,3/3/2011 15:03,0.0,0,United Kingdom
112036,545857,20681,MIA,-154,3/7/2011 13:56,0.0,0,United Kingdom
112219,545875,21736,Adjustment,34,3/7/2011 15:18,0.0,0,United Kingdom
113580,545990,84598,check,-3000,3/8/2011 13:07,0.0,0,United Kingdom
114428,546010,22423,damages,-19,3/8/2011 15:55,0.0,0,United Kingdom
114493,546016,85172,Dotcom set,-675,3/8/2011 17:21,0.0,0,United Kingdom
114522,546018,85172,wrongly sold as sets,-600,3/8/2011 17:23,0.0,0,United Kingdom
114534,546020,85175,Amazon sold sets,-210,3/8/2011 17:27,0.0,0,United Kingdom
114535,546021,85175,dotcom sold sets,-345,3/8/2011 17:27,0.0,0,United Kingdom
114538,546023,85175,wrongly sold sets,-975,3/8/2011 17:29,0.0,0,United Kingdom
114539,546024,85175,? sold as sets?,-1200,3/8/2011 17:31,0.0,0,United Kingdom
114540,546025,85172,?sold as sets?,-600,3/8/2011 17:31,0.0,0,United Kingdom
115488,546124,35610C,Thrown away.,-1121,3/9/2011 14:50,0.0,0,United Kingdom
115489,546126,35611B,thrown away,-27,3/9/2011 14:52,0.0,0,United Kingdom
115504,546129,35610B,thrown away,-541,3/9/2011 15:07,0.0,0,United Kingdom
115505,546130,35610A,thrown away,-1277,3/9/2011 15:08,0.0,0,United Kingdom
115805,546137,20893,damages/display,-197,3/9/2011 16:33,0.0,0,United Kingdom
115806,546138,21815,?,-300,3/9/2011 16:34,0.0,0,United Kingdom
115807,546139,84988,?,3000,3/9/2011 16:35,0.0,0,United Kingdom
115808,546140,21527,damages,-30,3/9/2011 16:35,0.0,0,United Kingdom
115810,546142,40016,damaged stock,-1100,3/9/2011 16:37,0.0,0,United Kingdom
115811,546145,21537,?,-80,3/9/2011 16:39,0.0,0,United Kingdom
115813,546147,21320,broken,-63,3/9/2011 16:42,0.0,0,United Kingdom
115814,546148,85049D,?,-100,3/9/2011 16:43,0.0,0,United Kingdom
115815,546149,20866,?,-230,3/9/2011 17:02,0.0,0,United Kingdom
115818,546152,72140F,throw away,-5368,3/9/2011 17:25,0.0,0,United Kingdom
116406,546245,85185B,?,-259,3/10/2011 13:26,0.0,0,United Kingdom
117892,546406,46000S,POLYESTER FILLER PAD 40x40cm,70,3/11/2011 16:21,0.0,0,United Kingdom
117893,546406,46000M,POLYESTER FILLER PAD 45x45cm,60,3/11/2011 16:21,0.0,0,United Kingdom
117894,546407,22719,wrong barcode (22467),-178,3/11/2011 16:24,0.0,0,United Kingdom
117895,546408,22467,wrongly sold (22719) barcode,170,3/11/2011 16:25,0.0,0,United Kingdom
117896,546409,21833,damages,-110,3/11/2011 16:27,0.0,0,United Kingdom
123994,546933,85123A,WHITE HANGING HEART T-LIGHT HOLDER,1,3/18/2011 11:02,0.0,0,United Kingdom
123995,546933,85099B,JUMBO BAG RED RETROSPOT,2,3/18/2011 11:02,0.0,0,United Kingdom
123996,546933,48184,DOORMAT ENGLISH ROSE ,2,3/18/2011 11:02,0.0,0,United Kingdom
123997,546933,22692,DOORMAT WELCOME TO OUR HOME,1,3/18/2011 11:02,0.0,0,United Kingdom
123998,546933,22683,FRENCH BLUE METAL DOOR SIGN 8,2,3/18/2011 11:02,0.0,0,United Kingdom
123999,546933,22686,FRENCH BLUE METAL DOOR SIGN No,3,3/18/2011 11:02,0.0,0,United Kingdom
124000,546933,22681,FRENCH BLUE METAL DOOR SIGN 6,7,3/18/2011 11:02,0.0,0,United Kingdom
124001,546933,22682,FRENCH BLUE METAL DOOR SIGN 7,3,3/18/2011 11:02,0.0,0,United Kingdom
124002,546933,22685,FRENCH BLUE METAL DOOR SIGN 0,1,3/18/2011 11:02,0.0,0,United Kingdom
124003,546933,22680,FRENCH BLUE METAL DOOR SIGN 5,3,3/18/2011 11:02,0.0,0,United Kingdom
124004,546933,22684,FRENCH BLUE METAL DOOR SIGN 9,3,3/18/2011 11:02,0.0,0,United Kingdom
124005,546933,22678,FRENCH BLUE METAL DOOR SIGN 3,3,3/18/2011 11:02,0.0,0,United Kingdom
124006,546933,22679,FRENCH BLUE METAL DOOR SIGN 4,4,3/18/2011 11:02,0.0,0,United Kingdom
124007,546933,22676,FRENCH BLUE METAL DOOR SIGN 1,3,3/18/2011 11:02,0.0,0,United Kingdom
124008,546933,22666,RECIPE BOX PANTRY YELLOW DESIGN,9,3/18/2011 11:02,0.0,0,United Kingdom
124009,546933,22627,MINT KITCHEN SCALES,1,3/18/2011 11:02,0.0,0,United Kingdom
124010,546933,22626,BLACK KITCHEN SCALES,1,3/18/2011 11:02,0.0,0,United Kingdom
124011,546933,22625,RED KITCHEN SCALES,3,3/18/2011 11:02,0.0,0,United Kingdom
124012,546933,22623,BOX OF VINTAGE JIGSAW BLOCKS ,1,3/18/2011 11:02,0.0,0,United Kingdom
124013,546933,22521,CHILDS GARDEN TROWEL PINK,1,3/18/2011 11:02,0.0,0,United Kingdom
124014,546933,22430,ENAMEL WATERING CAN CREAM,3,3/18/2011 11:02,0.0,0,United Kingdom
124015,546933,22375,AIRLINE BAG VINTAGE JET SET BROWN,1,3/18/2011 11:02,0.0,0,United Kingdom
124016,546933,22374,AIRLINE BAG VINTAGE JET SET RED,1,3/18/2011 11:02,0.0,0,United Kingdom
124017,546933,22366,DOORMAT AIRMAIL ,1,3/18/2011 11:02,0.0,0,United Kingdom
124018,546933,22364,GLASS JAR DIGESTIVE BISCUITS,2,3/18/2011 11:02,0.0,0,United Kingdom
124019,546933,22631,CIRCUS PARADE LUNCH BOX ,3,3/18/2011 11:02,0.0,0,United Kingdom
124020,546933,21556,CERAMIC STRAWBERRY MONEY BOX,2,3/18/2011 11:02,0.0,0,United Kingdom
124021,546933,22666,RECIPE BOX PANTRY YELLOW DESIGN,1,3/18/2011 11:02,0.0,0,United Kingdom
124022,546933,22372,AIRLINE BAG VINTAGE WORLD CHAMPION ,1,3/18/2011 11:02,0.0,0,United Kingdom
124023,546933,20719,WOODLAND CHARLOTTE BAG,1,3/18/2011 11:02,0.0,0,United Kingdom
128464,547336,21689,wrong barcode,-323,3/22/2011 11:45,0.0,0,United Kingdom
128465,547337,85025C,barcode problem,-230,3/22/2011 11:47,0.0,0,United Kingdom
128467,547339,84406B,?,-450,3/22/2011 11:51,0.0,0,United Kingdom
128876,547363,22459,?lost,-232,3/22/2011 12:33,0.0,0,United Kingdom
129837,547396,79321,CHILLI LIGHTS,1,3/22/2011 16:54,0.0,0,United Kingdom
130188,547417,22062,CERAMIC BOWL WITH LOVE HEART DESIGN,36,3/23/2011 10:25,0.0,13239,United Kingdom
131398,547559,72759,thrown away-can't sell.,-524,3/23/2011 17:27,0.0,0,United Kingdom
131399,547560,72732,thrown away-can't sell,-2472,3/23/2011 17:28,0.0,0,United Kingdom
132630,547673,47593A,found,13,3/24/2011 13:57,0.0,0,United Kingdom
132865,547704,21621,rcvd be air temp fix for dotcom sit,100,3/24/2011 17:51,0.0,0,United Kingdom
136271,547950,35241,damages?,-40,3/28/2011 15:11,0.0,0,United Kingdom
136831,547989,21621,re dotcom quick fix.,-100,3/29/2011 9:36,0.0,0,United Kingdom
139453,548318,22055,MINI CAKE STAND  HANGING STRAWBERY,5,3/30/2011 12:45,0.0,13113,United Kingdom
140199,548380,22127,Dotcom sold in 6's,-60,3/30/2011 16:44,0.0,0,United Kingdom
140200,548381,22127,sold in set?,-690,3/30/2011 16:45,0.0,0,United Kingdom
140281,548394,82494L,cracked,-39,3/30/2011 17:18,0.0,0,United Kingdom
140283,548396,22719,sold as 22467,-25,3/30/2011 17:21,0.0,0,United Kingdom
142631,548620,84313B,Damaged,-32,4/1/2011 11:53,0.0,0,United Kingdom
145208,548871,22162,HEART GARLAND RUSTIC PADDED,2,4/4/2011 14:42,0.0,14410,United Kingdom
146599,548999,84743C,damages,-26,4/5/2011 14:34,0.0,0,United Kingdom
147243,549100,21484,CHICK GREY HOT WATER BOTTLE,1,4/6/2011 11:14,0.0,0,United Kingdom
150350,549427,22797,damages,-12,4/8/2011 11:56,0.0,0,United Kingdom
151033,549527,21620,mystery! Only ever imported 1800,-1479,4/8/2011 16:03,0.0,0,United Kingdom
151035,549529,21830,"MERCHANT CHANDLER CREDIT ERROR, STO",-576,4/8/2011 16:56,0.0,0,United Kingdom
151038,549531,21622,POSSIBLE DAMAGES OR LOST?,-750,4/8/2011 17:05,0.0,0,United Kingdom
154122,549846,21100,Damaged,-6,4/12/2011 14:30,0.0,0,United Kingdom
154656,549935,35915C,damaged,-43,4/13/2011 11:16,0.0,0,United Kingdom
154799,549948,37488A,damaged,-1,4/13/2011 12:55,0.0,0,United Kingdom
154835,549950,37487B,Damaged,-6,4/13/2011 12:57,0.0,0,United Kingdom
154860,549952,37482P,Damaged,-93,4/13/2011 13:05,0.0,0,United Kingdom
156618,550153,85167B,DAMAGED,-1,4/14/2011 14:44,0.0,0,United Kingdom
157042,550188,22636,CHILDS BREAKFAST SET CIRCUS PARADE,1,4/14/2011 18:57,0.0,12457,Switzerland
160541,550460,47556B,did  a credit  and did not tick ret,1300,4/18/2011 13:18,0.0,0,United Kingdom
165021,550753,84763,Display,-150,4/20/2011 11:53,0.0,0,United Kingdom
165448,550800,22458,Missing,-65,4/20/2011 14:48,0.0,0,United Kingdom
166266,550908,20827,damages,-68,4/21/2011 12:39,0.0,0,United Kingdom
166486,550922,22784,damages,-25,4/21/2011 14:29,0.0,0,United Kingdom
166639,550947,21319,adjustment,3,4/21/2011 15:55,0.0,0,United Kingdom
166640,550948,17109D,Adjustment,14,4/21/2011 15:56,0.0,0,United Kingdom
166645,550950,17091A,found,84,4/21/2011 16:14,0.0,0,United Kingdom
166646,550951,84531A,returned,2,4/21/2011 16:15,0.0,0,United Kingdom
166647,550952,84531B,returned,2,4/21/2011 16:16,0.0,0,United Kingdom
166836,550954,47013A,damaged,-2,4/21/2011 16:18,0.0,0,United Kingdom
168324,551019,22467,wrong code?,-100,4/26/2011 11:19,0.0,0,United Kingdom
168325,551020,22719,wrong code,-110,4/26/2011 11:19,0.0,0,United Kingdom
169714,551240,51020A,adjustment,41,4/27/2011 11:48,0.0,0,United Kingdom
169715,551243,51020B,adjust,-53,4/27/2011 11:49,0.0,0,United Kingdom
170484,551302,48189,damaged,-18,4/27/2011 14:55,0.0,0,United Kingdom
170485,551304,48189,adjustment,2,4/27/2011 14:56,0.0,0,United Kingdom
170537,551323,21398,damages,-9,4/27/2011 15:31,0.0,0,United Kingdom
170538,551324,85017C,Found,13,4/27/2011 15:47,0.0,0,United Kingdom
170542,551327,84228,crushed,-4,4/27/2011 16:01,0.0,0,United Kingdom
173410,551705,22655,damages/showroom etc,-11,5/3/2011 14:35,0.0,0,United Kingdom
174044,551735,21656,samples,-19,5/4/2011 10:25,0.0,0,United Kingdom
174654,551837,79164,damages/credits from ASOS.,-1512,5/4/2011 13:23,0.0,0,United Kingdom
177705,552175,23200,mailout ,100,5/6/2011 13:25,0.0,0,United Kingdom
177731,552177,23202,mailout,100,5/6/2011 13:28,0.0,0,United Kingdom
177732,552178,23203,mailout,100,5/6/2011 13:29,0.0,0,United Kingdom
177880,552187,23209,mailout,100,5/6/2011 13:59,0.0,0,United Kingdom
178276,552230,20735,BLACK MINI TAPE MEASURE ,1,5/6/2011 15:43,0.0,0,United Kingdom
178277,552230,22617,BAKING SET SPACEBOY DESIGN,1,5/6/2011 15:43,0.0,0,United Kingdom
178278,552230,37327,ASSTD MULTICOLOUR CIRCLES MUG,1,5/6/2011 15:43,0.0,0,United Kingdom
178279,552230,84375,SET OF 20 KIDS COOKIE CUTTERS,1,5/6/2011 15:43,0.0,0,United Kingdom
178280,552230,84969,BOX OF 6 ASSORTED COLOUR TEASPOONS,1,5/6/2011 15:43,0.0,0,United Kingdom
178281,552230,DOT,DOTCOM POSTAGE,1,5/6/2011 15:43,0.0,0,United Kingdom
180618,552331,22667,damaged,-30,5/9/2011 10:24,0.0,0,United Kingdom
181042,552443,22796,Not rcvd in 10/11/2010 delivery,-360,5/9/2011 13:05,0.0,0,United Kingdom
185113,552733,23059,Thrown away-rusty,-2376,5/11/2011 10:48,0.0,0,United Kingdom
187613,553000,47566,PARTY BUNTING,4,5/12/2011 15:21,0.0,17667,United Kingdom
189299,553147,84879,damaged,-160,5/13/2011 13:58,0.0,0,United Kingdom
192166,553391,37370,sold as set/6 by dotcom,-786,5/16/2011 16:42,0.0,0,United Kingdom
192289,553394,15058A,wet/rusty,-30,5/16/2011 16:47,0.0,0,United Kingdom
192290,553395,15058C,wet/rusty,-30,5/16/2011 16:47,0.0,0,United Kingdom
192291,553396,22423,damages,-21,5/16/2011 16:48,0.0,0,United Kingdom
192293,553398,37370,damages/dotcom?,-590,5/16/2011 17:07,0.0,0,United Kingdom
192295,553400,20803,damages,-40,5/16/2011 17:09,0.0,0,United Kingdom
192806,553481,21181,on cargo order,192,5/17/2011 12:06,0.0,0,United Kingdom
193185,553521,85099F,JUMBO BAG STRAWBERRY,1,5/17/2011 14:35,0.0,0,United Kingdom
193186,553521,48184,DOORMAT ENGLISH ROSE ,1,5/17/2011 14:35,0.0,0,United Kingdom
193187,553521,22692,DOORMAT WELCOME TO OUR HOME,1,5/17/2011 14:35,0.0,0,United Kingdom
193188,553521,22684,FRENCH BLUE METAL DOOR SIGN 9,2,5/17/2011 14:35,0.0,0,United Kingdom
193189,553521,22682,FRENCH BLUE METAL DOOR SIGN 7,3,5/17/2011 14:35,0.0,0,United Kingdom
193190,553521,22686,FRENCH BLUE METAL DOOR SIGN No,11,5/17/2011 14:35,0.0,0,United Kingdom
193191,553521,22683,FRENCH BLUE METAL DOOR SIGN 8,5,5/17/2011 14:35,0.0,0,United Kingdom
193192,553521,22679,FRENCH BLUE METAL DOOR SIGN 4,4,5/17/2011 14:35,0.0,0,United Kingdom
193193,553521,22684,FRENCH BLUE METAL DOOR SIGN 9,2,5/17/2011 14:35,0.0,0,United Kingdom
193194,553521,22678,FRENCH BLUE METAL DOOR SIGN 3,5,5/17/2011 14:35,0.0,0,United Kingdom
193195,553521,22680,FRENCH BLUE METAL DOOR SIGN 5,2,5/17/2011 14:35,0.0,0,United Kingdom
193196,553521,22677,FRENCH BLUE METAL DOOR SIGN 2,4,5/17/2011 14:35,0.0,0,United Kingdom
193197,553521,22676,FRENCH BLUE METAL DOOR SIGN 1,2,5/17/2011 14:35,0.0,0,United Kingdom
193198,553521,22666,RECIPE BOX PANTRY YELLOW DESIGN,1,5/17/2011 14:35,0.0,0,United Kingdom
193199,553521,22665,RECIPE BOX BLUE SKETCHBOOK DESIGN,2,5/17/2011 14:35,0.0,0,United Kingdom
193200,553521,22649,STRAWBERRY FAIRY CAKE TEAPOT,1,5/17/2011 14:35,0.0,0,United Kingdom
193201,553521,22646,CERAMIC STRAWBERRY CAKE MONEY BANK,1,5/17/2011 14:35,0.0,0,United Kingdom
193202,553521,22644,CERAMIC CHERRY CAKE MONEY BANK,1,5/17/2011 14:35,0.0,0,United Kingdom
193203,553521,22645,CERAMIC HEART FAIRY CAKE MONEY BANK,1,5/17/2011 14:35,0.0,0,United Kingdom
193204,553521,22637,PIGGY BANK RETROSPOT ,2,5/17/2011 14:35,0.0,0,United Kingdom
193205,553521,22626,BLACK KITCHEN SCALES,1,5/17/2011 14:35,0.0,0,United Kingdom
193206,553521,22559,SEASIDE FLYING DISC,1,5/17/2011 14:35,0.0,0,United Kingdom
193207,553521,22524,CHILDRENS GARDEN GLOVES BLUE,1,5/17/2011 14:35,0.0,0,United Kingdom
193208,553521,22520,CHILDS GARDEN TROWEL BLUE ,1,5/17/2011 14:35,0.0,0,United Kingdom
193209,553521,22518,CHILDS GARDEN BRUSH BLUE,1,5/17/2011 14:35,0.0,0,United Kingdom
193210,553521,22519,CHILDS GARDEN BRUSH PINK,1,5/17/2011 14:35,0.0,0,United Kingdom
193211,553521,22515,CHILDS GARDEN SPADE PINK,1,5/17/2011 14:35,0.0,0,United Kingdom
193212,553521,22514,CHILDS GARDEN SPADE BLUE,2,5/17/2011 14:35,0.0,0,United Kingdom
193213,553521,22430,ENAMEL WATERING CAN CREAM,1,5/17/2011 14:35,0.0,0,United Kingdom
193214,553521,22427,ENAMEL FLOWER JUG CREAM,1,5/17/2011 14:35,0.0,0,United Kingdom
193215,553521,22414,DOORMAT NEIGHBOURHOOD WITCH ,1,5/17/2011 14:35,0.0,0,United Kingdom
193216,553521,22365,DOORMAT RESPECTABLE HOUSE,1,5/17/2011 14:35,0.0,0,United Kingdom
193217,553521,22363,GLASS JAR MARMALADE ,1,5/17/2011 14:35,0.0,0,United Kingdom
193218,553521,22362,GLASS JAR PEACOCK BATH SALTS,1,5/17/2011 14:35,0.0,0,United Kingdom
193219,553521,22359,GLASS JAR KINGS CHOICE,1,5/17/2011 14:35,0.0,0,United Kingdom
193220,553521,22356,CHARLOTTE BAG PINK POLKADOT,1,5/17/2011 14:35,0.0,0,United Kingdom
193221,553521,22301,COFFEE MUG CAT + BIRD DESIGN,1,5/17/2011 14:35,0.0,0,United Kingdom
193222,553521,22203,MILK PAN RED RETROSPOT,1,5/17/2011 14:35,0.0,0,United Kingdom
193223,553521,21889,WOODEN BOX OF DOMINOES,1,5/17/2011 14:35,0.0,0,United Kingdom
193224,553521,21116,OWL DOORSTOP,1,5/17/2011 14:35,0.0,0,United Kingdom
193551,553539,22425,ENAMEL COLANDER CREAM,1,5/17/2011 15:27,0.0,0,United Kingdom
193552,553539,22414,DOORMAT NEIGHBOURHOOD WITCH ,1,5/17/2011 15:27,0.0,0,United Kingdom
193553,553539,22301,COFFEE MUG CAT + BIRD DESIGN,1,5/17/2011 15:27,0.0,0,United Kingdom
193554,553539,22201,FRYING PAN BLUE POLKADOT,1,5/17/2011 15:27,0.0,0,United Kingdom
193555,553539,21922,UNION STRIPE WITH FRINGE  HAMMOCK,1,5/17/2011 15:27,0.0,0,United Kingdom
193556,553539,22692,DOORMAT WELCOME TO OUR HOME,1,5/17/2011 15:27,0.0,0,United Kingdom
193557,553539,21559,STRAWBERRY LUNCH BOX WITH CUTLERY,1,5/17/2011 15:27,0.0,0,United Kingdom
193558,553539,21116,OWL DOORSTOP,2,5/17/2011 15:27,0.0,0,United Kingdom
193559,553539,20711,JUMBO BAG TOYS ,1,5/17/2011 15:27,0.0,0,United Kingdom
193560,553539,20682,RED RETROSPOT CHILDRENS UMBRELLA,1,5/17/2011 15:27,0.0,0,United Kingdom
193562,553539,22843,BISCUIT TIN VINTAGE GREEN,1,5/17/2011 15:27,0.0,0,United Kingdom
193563,553539,22682,FRENCH BLUE METAL DOOR SIGN 7,1,5/17/2011 15:27,0.0,0,United Kingdom
193564,553539,22679,FRENCH BLUE METAL DOOR SIGN 4,2,5/17/2011 15:27,0.0,0,United Kingdom
193565,553539,22678,FRENCH BLUE METAL DOOR SIGN 3,5,5/17/2011 15:27,0.0,0,United Kingdom
193566,553539,22677,FRENCH BLUE METAL DOOR SIGN 2,2,5/17/2011 15:27,0.0,0,United Kingdom
193567,553539,22683,FRENCH BLUE METAL DOOR SIGN 8,1,5/17/2011 15:27,0.0,0,United Kingdom
193568,553539,22666,RECIPE BOX PANTRY YELLOW DESIGN,1,5/17/2011 15:27,0.0,0,United Kingdom
193569,553539,22665,RECIPE BOX BLUE SKETCHBOOK DESIGN,1,5/17/2011 15:27,0.0,0,United Kingdom
193570,553539,22685,FRENCH BLUE METAL DOOR SIGN 0,2,5/17/2011 15:27,0.0,0,United Kingdom
193571,553539,22676,FRENCH BLUE METAL DOOR SIGN 1,4,5/17/2011 15:27,0.0,0,United Kingdom
193572,553539,22646,CERAMIC STRAWBERRY CAKE MONEY BANK,1,5/17/2011 15:27,0.0,0,United Kingdom
193573,553539,22520,CHILDS GARDEN TROWEL BLUE ,1,5/17/2011 15:27,0.0,0,United Kingdom
193574,553539,22523,CHILDS GARDEN FORK PINK,1,5/17/2011 15:27,0.0,0,United Kingdom
193575,553539,22522,CHILDS GARDEN FORK BLUE ,1,5/17/2011 15:27,0.0,0,United Kingdom
193576,553539,22519,CHILDS GARDEN BRUSH PINK,1,5/17/2011 15:27,0.0,0,United Kingdom
193577,553539,22514,CHILDS GARDEN SPADE BLUE,1,5/17/2011 15:27,0.0,0,United Kingdom
193578,553539,22515,CHILDS GARDEN SPADE PINK,2,5/17/2011 15:27,0.0,0,United Kingdom
193579,553539,22501,PICNIC BASKET WICKER LARGE,1,5/17/2011 15:27,0.0,0,United Kingdom
193580,553539,22474,SPACEBOY TV DINNER TRAY,1,5/17/2011 15:27,0.0,0,United Kingdom
193581,553539,22430,ENAMEL WATERING CAN CREAM,2,5/17/2011 15:27,0.0,0,United Kingdom
193582,553539,22426,ENAMEL WASH BOWL CREAM,1,5/17/2011 15:27,0.0,0,United Kingdom
195520,553719,85017C,adjustment,1,5/18/2011 16:18,0.0,0,United Kingdom
198383,554037,22619,SET OF 6 SOLDIER SKITTLES,80,5/20/2011 14:13,0.0,12415,Australia
200352,554128,84563A,damaged,-4,5/23/2011 9:26,0.0,0,United Kingdom
200562,554143,79030G,damages,-413,5/23/2011 10:40,0.0,0,United Kingdom
200563,554144,79030D,damages,-664,5/23/2011 10:42,0.0,0,United Kingdom
201488,554287,22700,smashed,-48,5/23/2011 14:17,0.0,0,United Kingdom
202495,554432,85132A,damaged,-97,5/24/2011 12:16,0.0,0,United Kingdom
203751,554550,47566B,incorrectly credited C550456 see 47,1300,5/25/2011 9:57,0.0,0,United Kingdom
203752,554551,47566B,reverse previous adjustment,-1300,5/25/2011 9:58,0.0,0,United Kingdom
203761,554553,47566B,incorrectly credited C550456 see 47,-1300,5/25/2011 9:59,0.0,0,United Kingdom
205953,554852,21272,?,-212,5/27/2011 9:24,0.0,0,United Kingdom
210959,555330,84804A,wet damaged,-125,6/2/2011 11:11,0.0,0,United Kingdom
210960,555331,84800L,wet damaged,-144,6/2/2011 11:11,0.0,0,United Kingdom
210961,555332,84801A,wet damaged,-48,6/2/2011 11:11,0.0,0,United Kingdom
210962,555333,84805B,wet damaged,-96,6/2/2011 11:12,0.0,0,United Kingdom
210963,555334,84805A,wet damaged,-96,6/2/2011 11:12,0.0,0,United Kingdom
212679,555503,84313C,damaged,-1,6/3/2011 15:39,0.0,0,United Kingdom
212681,555505,79030G,Water damaged,-16,6/3/2011 15:48,0.0,0,United Kingdom
212682,555506,21397,damaged,-57,6/3/2011 16:03,0.0,0,United Kingdom
218477,556046,21890,missing,-140,6/8/2011 12:56,0.0,0,United Kingdom
220141,556122,85019C,Damaged,-108,6/9/2011 10:12,0.0,0,United Kingdom
220142,556123,22272,Damaged,-15,6/9/2011 10:13,0.0,0,United Kingdom
220843,556231,85123A,?,4000,6/9/2011 15:04,0.0,0,United Kingdom
220844,556232,21135,sold as set on dotcom,-304,6/9/2011 15:15,0.0,0,United Kingdom
220845,556233,21136,sold as set on dotcom,-272,6/9/2011 15:20,0.0,0,United Kingdom
221186,556242,21700,sold as set on dotcom and amazon,-1206,6/9/2011 16:06,0.0,0,United Kingdom
221643,556260,37340,sold as set on dotcom,-18,6/9/2011 18:02,0.0,0,United Kingdom
221644,556261,79051A,sold as set on dotcom,-6,6/9/2011 18:03,0.0,0,United Kingdom
221645,556262,37327,sold as set on dotcom,-95,6/9/2011 18:04,0.0,0,United Kingdom
221959,556299,21937,?,-161,6/10/2011 10:17,0.0,0,United Kingdom
221961,556301,22968,water damage,-50,6/10/2011 10:18,0.0,0,United Kingdom
222006,556306,37479B,sold as set by dotcom,-30,6/10/2011 10:38,0.0,0,United Kingdom
222007,556307,37479P,sold as set on dotcom,-30,6/10/2011 10:39,0.0,0,United Kingdom
222008,556308,22130,sold as set on dotcom,-390,6/10/2011 10:43,0.0,0,United Kingdom
222009,556309,22856,sold as set on dotcom,-30,6/10/2011 10:44,0.0,0,United Kingdom
222010,556310,22944,sold as set on dotcom,-42,6/10/2011 10:44,0.0,0,United Kingdom
222011,556311,37471,sold as set on dotcom,-12,6/10/2011 10:45,0.0,0,United Kingdom
222012,556312,22924,sold as set on dotcom,-30,6/10/2011 10:46,0.0,0,United Kingdom
222013,556313,22923,sold as set on dotcom,-12,6/10/2011 10:46,0.0,0,United Kingdom
222014,556314,23155,sold as set on dotcom,-84,6/10/2011 10:47,0.0,0,United Kingdom
222015,556315,22948,sold as set on dotcom,-108,6/10/2011 10:47,0.0,0,United Kingdom
222016,556316,22128,sold as set on dotcom,-24,6/10/2011 10:48,0.0,0,United Kingdom
222017,556317,22857,sold as set on dotcom,-48,6/10/2011 10:48,0.0,0,United Kingdom
222034,556319,22945,sold as set on dotcom,-618,6/10/2011 10:49,0.0,0,United Kingdom
222035,556320,22922,sold as set on dotcom,-42,6/10/2011 10:50,0.0,0,United Kingdom
222036,556321,79163,sold as set on dotcom,-24,6/10/2011 10:50,0.0,0,United Kingdom
222037,556322,22915,sold as set on dotcom,-204,6/10/2011 10:51,0.0,0,United Kingdom
225528,556687,23003,Printing smudges/thrown away,-9058,6/14/2011 10:36,0.0,0,United Kingdom
225529,556690,23005,printing smudges/thrown away,-9600,6/14/2011 10:37,0.0,0,United Kingdom
225530,556691,23005,printing smudges/thrown away,-9600,6/14/2011 10:37,0.0,0,United Kingdom
228690,556939,46000M,POLYESTER FILLER PAD 45x45cm,80,6/15/2011 16:34,0.0,0,United Kingdom
228691,556939,46000S,POLYESTER FILLER PAD 40x40cm,160,6/15/2011 16:34,0.0,0,United Kingdom
228807,556955,gift_0001_20,to push order througha s stock was ,10,6/16/2011 9:04,0.0,0,United Kingdom
228879,556963,35965,found some more on shelf,-9,6/16/2011 9:40,0.0,0,United Kingdom
229380,557035,82583,?,-220,6/16/2011 13:52,0.0,0,United Kingdom
229381,557036,20867,?,-271,6/16/2011 13:53,0.0,0,United Kingdom
229728,557108,23113,Damaged,-1440,6/16/2011 15:58,0.0,0,United Kingdom
232920,557390,21360,Show Samples,-4,6/20/2011 11:12,0.0,0,United Kingdom
233055,557417,84809B,damaged,-324,6/20/2011 11:51,0.0,0,United Kingdom
234739,557596,23114,Damaged,-1440,6/21/2011 11:33,0.0,0,United Kingdom
234740,557597,23115,Damaged,-1440,6/21/2011 11:33,0.0,0,United Kingdom
234764,557599,23116,Damaged,-1440,6/21/2011 11:34,0.0,0,United Kingdom
234765,557600,23117,Damaged,-1440,6/21/2011 11:35,0.0,0,United Kingdom
236794,557784,21421,damaged,-5,6/22/2011 15:49,0.0,0,United Kingdom
241840,558245,22734,FOUND,8,6/27/2011 16:28,0.0,0,United Kingdom
241999,558268,21351,damaged,-220,6/28/2011 10:17,0.0,0,United Kingdom
242056,558306,85232D,mix up with c,-118,6/28/2011 10:59,0.0,0,United Kingdom
242393,558340,22514,CHILDS GARDEN SPADE BLUE,1,6/28/2011 14:01,0.0,0,United Kingdom
242394,558340,85123A,WHITE HANGING HEART T-LIGHT HOLDER,1,6/28/2011 14:01,0.0,0,United Kingdom
242395,558340,22431,WATERING CAN BLUE ELEPHANT,1,6/28/2011 14:01,0.0,0,United Kingdom
242396,558340,22430,ENAMEL WATERING CAN CREAM,1,6/28/2011 14:01,0.0,0,United Kingdom
242397,558340,22414,DOORMAT NEIGHBOURHOOD WITCH ,1,6/28/2011 14:01,0.0,0,United Kingdom
242398,558340,22385,JUMBO BAG SPACEBOY DESIGN,1,6/28/2011 14:01,0.0,0,United Kingdom
242399,558340,22380,TOY TIDY SPACEBOY  ,1,6/28/2011 14:01,0.0,0,United Kingdom
242400,558340,22364,GLASS JAR DIGESTIVE BISCUITS,1,6/28/2011 14:01,0.0,0,United Kingdom
242401,558340,22362,GLASS JAR PEACOCK BATH SALTS,1,6/28/2011 14:01,0.0,0,United Kingdom
242402,558340,22357,KINGS CHOICE BISCUIT TIN,3,6/28/2011 14:01,0.0,0,United Kingdom
242403,558340,22301,COFFEE MUG CAT + BIRD DESIGN,1,6/28/2011 14:01,0.0,0,United Kingdom
242404,558340,21556,CERAMIC STRAWBERRY MONEY BOX,2,6/28/2011 14:01,0.0,0,United Kingdom
242405,558340,21116,OWL DOORSTOP,1,6/28/2011 14:01,0.0,0,United Kingdom
242407,558340,85099F,JUMBO BAG STRAWBERRY,1,6/28/2011 14:01,0.0,0,United Kingdom
242408,558340,85099B,JUMBO BAG RED RETROSPOT,1,6/28/2011 14:01,0.0,0,United Kingdom
242409,558340,22627,MINT KITCHEN SCALES,1,6/28/2011 14:01,0.0,0,United Kingdom
242410,558340,84692,BOX OF 24 COCKTAIL PARASOLS,1,6/28/2011 14:01,0.0,0,United Kingdom
242411,558340,48184,DOORMAT ENGLISH ROSE ,3,6/28/2011 14:01,0.0,0,United Kingdom
242412,558340,22692,DOORMAT WELCOME TO OUR HOME,1,6/28/2011 14:01,0.0,0,United Kingdom
242413,558340,22684,FRENCH BLUE METAL DOOR SIGN 9,1,6/28/2011 14:01,0.0,0,United Kingdom
242414,558340,22685,FRENCH BLUE METAL DOOR SIGN 0,1,6/28/2011 14:01,0.0,0,United Kingdom
242415,558340,22683,FRENCH BLUE METAL DOOR SIGN 8,2,6/28/2011 14:01,0.0,0,United Kingdom
242416,558340,22679,FRENCH BLUE METAL DOOR SIGN 4,1,6/28/2011 14:01,0.0,0,United Kingdom
242417,558340,22678,FRENCH BLUE METAL DOOR SIGN 3,2,6/28/2011 14:01,0.0,0,United Kingdom
242418,558340,22686,FRENCH BLUE METAL DOOR SIGN No,4,6/28/2011 14:01,0.0,0,United Kingdom
242419,558340,22680,FRENCH BLUE METAL DOOR SIGN 5,4,6/28/2011 14:01,0.0,0,United Kingdom
242420,558340,22676,FRENCH BLUE METAL DOOR SIGN 1,3,6/28/2011 14:01,0.0,0,United Kingdom
242421,558340,22666,RECIPE BOX PANTRY YELLOW DESIGN,1,6/28/2011 14:01,0.0,0,United Kingdom
242422,558340,22665,RECIPE BOX BLUE SKETCHBOOK DESIGN,1,6/28/2011 14:01,0.0,0,United Kingdom
242423,558340,22649,STRAWBERRY FAIRY CAKE TEAPOT,1,6/28/2011 14:01,0.0,0,United Kingdom
242424,558340,22627,MINT KITCHEN SCALES,1,6/28/2011 14:01,0.0,0,United Kingdom
242425,558340,22626,BLACK KITCHEN SCALES,1,6/28/2011 14:01,0.0,0,United Kingdom
242426,558340,22526,WHEELBARROW FOR CHILDREN ,1,6/28/2011 14:01,0.0,0,United Kingdom
242427,558340,22430,ENAMEL WATERING CAN CREAM,1,6/28/2011 14:01,0.0,0,United Kingdom
242428,558340,22515,CHILDS GARDEN SPADE PINK,3,6/28/2011 14:01,0.0,0,United Kingdom
242709,558369,21082,found,3,6/28/2011 15:40,0.0,0,United Kingdom
242906,558379,22618,"mouldy, unsaleable.",-1681,6/28/2011 16:34,0.0,0,United Kingdom
243390,558457,21147,?,-95,6/29/2011 13:59,0.0,0,United Kingdom
244260,558476,84597B,damages,-6,6/29/2011 16:04,0.0,0,United Kingdom
246772,558723,84865,damaged,-7,7/1/2011 14:28,0.0,0,United Kingdom
246774,558725,84944,found,37,7/1/2011 14:31,0.0,0,United Kingdom
246797,558730,22060,damaged,-1,7/1/2011 14:51,0.0,0,United Kingdom
254130,559296,23001,TRAVEL CARD WALLET DOTCOMGIFTSHOP,200,7/7/2011 12:35,0.0,0,United Kingdom
254131,559296,22616,PACK OF 12 LONDON TISSUES ,204,7/7/2011 12:35,0.0,0,United Kingdom
254132,559296,23298,SPOTTY BUNTING,170,7/7/2011 12:35,0.0,0,United Kingdom
254446,559314,84584,?,-50,7/7/2011 13:51,0.0,0,United Kingdom
254712,559335,21147,found,72,7/7/2011 15:57,0.0,0,United Kingdom
255901,559375,22051,?,-300,7/8/2011 10:37,0.0,0,United Kingdom
255904,559378,21781,damages?,-39,7/8/2011 10:40,0.0,0,United Kingdom
258540,559655,21166,?,-124,7/11/2011 12:57,0.0,0,United Kingdom
263184,559943,21578,?,-251,7/14/2011 10:21,0.0,0,United Kingdom
263884,560039,20713,wrongly marked. 23343 in box,-3100,7/14/2011 14:27,0.0,0,United Kingdom
263885,560040,23343,came coded as 20713,3100,7/14/2011 14:28,0.0,0,United Kingdom
265298,560218,16162M,alan hodge cant mamage this section,30,7/15/2011 15:12,0.0,0,United Kingdom
267088,560283,22624,IVORY KITCHEN SCALES,12,7/18/2011 8:32,0.0,0,EIRE
267089,560283,23196,VINTAGE LEAF MAGNETIC NOTEPAD,12,7/18/2011 8:32,0.0,0,EIRE
267596,560328,35968,Found,63,7/18/2011 11:00,0.0,0,United Kingdom
267597,560329,35965,found,6,7/18/2011 11:07,0.0,0,United Kingdom
267633,560358,35965,dotcom,26,7/18/2011 11:46,0.0,0,United Kingdom
270339,560565,82583,FBA,160,7/19/2011 13:44,0.0,0,United Kingdom
271791,560717,84576,damaged,-3,7/20/2011 13:28,0.0,0,United Kingdom
277345,561103,85103,stock creditted wrongly,-32,7/25/2011 11:23,0.0,0,United Kingdom
279251,561249,DCGS0073,ebay,-4,7/26/2011 11:51,0.0,0,United Kingdom
279254,561252,DCGS0069,ebay,-5,7/26/2011 11:52,0.0,0,United Kingdom
279255,561253,DCGS0068,ebay,-10,7/26/2011 11:52,0.0,0,United Kingdom
279256,561254,DCGS0067,ebay,-11,7/26/2011 11:52,0.0,0,United Kingdom
279258,561256,DCGS0003,ebay,-7,7/26/2011 11:53,0.0,0,United Kingdom
279324,561284,22167, OVAL WALL MIRROR DIAMANTE ,1,7/26/2011 12:24,0.0,16818,United Kingdom
279510,561326,21294,damaged,-227,7/26/2011 13:50,0.0,0,United Kingdom
282875,561663,22501,incorrectly put back into stock,-108,7/28/2011 16:40,0.0,0,United Kingdom
282882,561665,22171,?,142,7/28/2011 16:55,0.0,0,United Kingdom
282912,561669,22960,JAM MAKING SET WITH JARS,11,7/28/2011 17:09,0.0,12507,Spain
285657,561916,M,Manual,1,8/1/2011 11:44,0.0,15581,United Kingdom
285726,561920,84352,Damages/samples,-52,8/1/2011 12:10,0.0,0,United Kingdom
285886,561927,22740,?,-1060,8/1/2011 12:49,0.0,0,United Kingdom
288519,562164,21257,?,-94,8/3/2011 12:08,0.0,0,United Kingdom
289689,562278,21391,Sold as 1 on dotcom,-342,8/4/2011 10:27,0.0,0,United Kingdom
290106,562352,21735,damages,-59,8/4/2011 13:12,0.0,0,United Kingdom
290579,562382,22927,?,-40,8/4/2011 15:36,0.0,0,United Kingdom
290580,562383,22523,?,-90,8/4/2011 15:37,0.0,0,United Kingdom
292269,562546,20694,?,-110,8/5/2011 15:46,0.0,0,United Kingdom
298054,562973,23157,SET OF 6 NATIVITY MAGNETS ,240,8/11/2011 11:42,0.0,14911,EIRE
298301,563015,46000M,POLYESTER FILLER PAD 45x45cm,160,8/11/2011 12:24,0.0,0,United Kingdom
298302,563015,46000S,POLYESTER FILLER PAD 40x40cm,220,8/11/2011 12:24,0.0,0,United Kingdom
302846,563453,21033,taig adjust no stock,-24,8/16/2011 14:34,0.0,0,United Kingdom
311177,564229,82583,amazon,20,8/24/2011 10:20,0.0,0,United Kingdom
313642,564530,22683,FRENCH BLUE METAL DOOR SIGN 8,3,8/25/2011 14:57,0.0,0,United Kingdom
313643,564530,22682,FRENCH BLUE METAL DOOR SIGN 7,1,8/25/2011 14:57,0.0,0,United Kingdom
313644,564530,22681,FRENCH BLUE METAL DOOR SIGN 6,3,8/25/2011 14:57,0.0,0,United Kingdom
313645,564530,22680,FRENCH BLUE METAL DOOR SIGN 5,1,8/25/2011 14:57,0.0,0,United Kingdom
313646,564530,22679,FRENCH BLUE METAL DOOR SIGN 4,3,8/25/2011 14:57,0.0,0,United Kingdom
313647,564530,22678,FRENCH BLUE METAL DOOR SIGN 3,3,8/25/2011 14:57,0.0,0,United Kingdom
313648,564530,22677,FRENCH BLUE METAL DOOR SIGN 2,4,8/25/2011 14:57,0.0,0,United Kingdom
313649,564530,21172,PARTY METAL SIGN ,1,8/25/2011 14:57,0.0,0,United Kingdom
313650,564530,21116,OWL DOORSTOP,1,8/25/2011 14:57,0.0,0,United Kingdom
313651,564530,20682,RED RETROSPOT CHILDRENS UMBRELLA,1,8/25/2011 14:57,0.0,0,United Kingdom
313653,564530,85123A,WHITE HANGING HEART T-LIGHT HOLDER,1,8/25/2011 14:57,0.0,0,United Kingdom
313654,564530,22692,DOORMAT WELCOME TO OUR HOME,1,8/25/2011 14:57,0.0,0,United Kingdom
313655,564530,22686,FRENCH BLUE METAL DOOR SIGN No,2,8/25/2011 14:57,0.0,0,United Kingdom
313656,564530,22627,MINT KITCHEN SCALES,3,8/25/2011 14:57,0.0,0,United Kingdom
313657,564530,22427,ENAMEL FLOWER JUG CREAM,1,8/25/2011 14:57,0.0,0,United Kingdom
313658,564530,22366,DOORMAT AIRMAIL ,1,8/25/2011 14:57,0.0,0,United Kingdom
313659,564530,22365,DOORMAT RESPECTABLE HOUSE,1,8/25/2011 14:57,0.0,0,United Kingdom
313660,564530,22362,GLASS JAR PEACOCK BATH SALTS,1,8/25/2011 14:57,0.0,0,United Kingdom
313661,564530,22363,GLASS JAR MARMALADE ,1,8/25/2011 14:57,0.0,0,United Kingdom
313662,564530,22359,GLASS JAR KINGS CHOICE,1,8/25/2011 14:57,0.0,0,United Kingdom
313663,564530,22357,KINGS CHOICE BISCUIT TIN,1,8/25/2011 14:57,0.0,0,United Kingdom
313664,564530,21899,GARAGE KEY FOB,1,8/25/2011 14:57,0.0,0,United Kingdom
313665,564530,21900,"KEY FOB , SHED",1,8/25/2011 14:57,0.0,0,United Kingdom
313666,564530,21901,"KEY FOB , BACK DOOR ",1,8/25/2011 14:57,0.0,0,United Kingdom
313667,564530,21561,DINOSAUR LUNCH BOX WITH CUTLERY,1,8/25/2011 14:57,0.0,0,United Kingdom
313668,564530,21452,TOADSTOOL MONEY BOX,1,8/25/2011 14:57,0.0,0,United Kingdom
313669,564530,22685,FRENCH BLUE METAL DOOR SIGN 0,3,8/25/2011 14:57,0.0,0,United Kingdom
313670,564530,22676,FRENCH BLUE METAL DOOR SIGN 1,3,8/25/2011 14:57,0.0,0,United Kingdom
313671,564530,22684,FRENCH BLUE METAL DOOR SIGN 9,1,8/25/2011 14:57,0.0,0,United Kingdom
314575,564645,82583,amazon,44,8/26/2011 13:38,0.0,0,United Kingdom
314745,564651,23270,SET OF 2 CERAMIC PAINTED HEARTS ,96,8/26/2011 14:19,0.0,14646,Netherlands
314746,564651,23268,SET OF 2 CERAMIC CHRISTMAS REINDEER,192,8/26/2011 14:19,0.0,14646,Netherlands
314747,564651,22955,36 FOIL STAR CAKE CASES ,144,8/26/2011 14:19,0.0,14646,Netherlands
314748,564651,21786,POLKADOT RAIN HAT ,144,8/26/2011 14:19,0.0,14646,Netherlands
319895,564914,85132C,damages,-109,8/31/2011 12:40,0.0,0,United Kingdom
323315,565288,23135,?,101,9/2/2011 11:43,0.0,0,United Kingdom
323389,565296,84929,code mix up? 84930,-967,9/2/2011 12:04,0.0,0,United Kingdom
323390,565297,84877D,?,-203,9/2/2011 12:06,0.0,0,United Kingdom
323391,565302,21682,?display?,-156,9/2/2011 12:16,0.0,0,United Kingdom
323461,565306,21830,sold as 1,-252,9/2/2011 12:20,0.0,0,United Kingdom
323462,565307,21830,?,-443,9/2/2011 12:20,0.0,0,United Kingdom
323463,565308,21829,sold as 1,-432,9/2/2011 12:22,0.0,0,United Kingdom
323469,565310,21829,?missing,-1897,9/2/2011 12:26,0.0,0,United Kingdom
323872,565370,82494L,crushed ctn,-33,9/2/2011 15:04,0.0,0,United Kingdom
323873,565371,82483,crushed,-13,9/2/2011 15:04,0.0,0,United Kingdom
324024,565385,22435,?missing,-434,9/2/2011 15:46,0.0,0,United Kingdom
331018,565935,23064,Crushed,-8,9/8/2011 10:46,0.0,0,United Kingdom
332404,566064,22355,test,1,9/8/2011 15:53,0.0,0,United Kingdom
332824,566122,23084,temp adjustment,-484,9/9/2011 10:57,0.0,0,United Kingdom
336411,566324,22035,taig adjust,1,9/12/2011 12:03,0.0,0,United Kingdom
336412,566325,22035,taig adjust,36,9/12/2011 12:03,0.0,0,United Kingdom
336436,566327,23084,allocate stock for dotcom orders ta,4,9/12/2011 12:13,0.0,0,United Kingdom
337534,566449,20856,??,-140,9/12/2011 16:07,0.0,0,United Kingdom
337788,566476,23084,add stock to allocate online orders,2,9/13/2011 9:01,0.0,0,United Kingdom
337817,566478,23084,for online retail orders,1,9/13/2011 9:03,0.0,0,United Kingdom
338957,566573,22823,test,-22,9/13/2011 13:10,0.0,0,United Kingdom
338958,566574,22823,test,22,9/13/2011 13:14,0.0,0,United Kingdom
340683,566712,22030,??,-635,9/14/2011 12:04,0.0,0,United Kingdom
344080,566982,85049B,Amazon,1,9/16/2011 10:15,0.0,0,United Kingdom
344081,566983,23084,Amazon,1,9/16/2011 10:16,0.0,0,United Kingdom
344867,567113,85215,Damaged,-29,9/16/2011 13:39,0.0,0,United Kingdom
344884,567125,21246,damaged,-2,9/16/2011 13:49,0.0,0,United Kingdom
344928,567127,85230E,Damaged,-48,9/16/2011 14:01,0.0,0,United Kingdom
345008,567129,72127,found box,24,9/16/2011 14:05,0.0,0,United Kingdom
345010,567131,21830,damaged,192,9/16/2011 14:13,0.0,0,United Kingdom
345011,567132,21830,OOPS ! adjustment,-384,9/16/2011 14:14,0.0,0,United Kingdom
345012,567133,85185B,Found in w/hse,50,9/16/2011 14:17,0.0,0,United Kingdom
345021,567137,84929,found,600,9/16/2011 14:39,0.0,0,United Kingdom
345107,567143,21179,damaged,-14,9/16/2011 15:02,0.0,0,United Kingdom
345179,567149,35607B,thrown away,-9,9/16/2011 15:29,0.0,0,United Kingdom
345180,567150,35817P,thrown away,-44,9/16/2011 15:29,0.0,0,United Kingdom
345182,567152,35598C,found,3,9/16/2011 15:58,0.0,0,United Kingdom
346755,567201,23084,website fixed,110,9/19/2011 10:28,0.0,0,United Kingdom
350350,567629,40016,?,-752,9/21/2011 13:21,0.0,0,United Kingdom
352827,567693,85199L,?,-250,9/21/2011 17:26,0.0,0,United Kingdom
355331,567918,79163,damaged,-1,9/22/2011 17:20,0.0,0,United Kingdom
355334,567920,84875D,found,5,9/22/2011 17:21,0.0,0,United Kingdom
355335,567921,21089,damaged,-7,9/22/2011 17:24,0.0,0,United Kingdom
355345,567923,37343,damaged,-2,9/22/2011 17:24,0.0,0,United Kingdom
355354,567925,84876D,damaged,-2,9/22/2011 17:26,0.0,0,United Kingdom
355355,567926,84877D,found,1,9/22/2011 17:27,0.0,0,United Kingdom
355356,567927,21654,Damaged,-3,9/22/2011 17:28,0.0,0,United Kingdom
355421,567931,84563B,damaged,-11,9/22/2011 17:38,0.0,0,United Kingdom
355423,567933,84422,Dagamed,-30,9/22/2011 17:49,0.0,0,United Kingdom
358655,568158,PADS,PADS TO MATCH ALL CUSHIONS,1,9/25/2011 12:22,0.0,16133,United Kingdom
360738,568302,20700,?,-121,9/26/2011 12:46,0.0,0,United Kingdom
361825,568384,M,Manual,1,9/27/2011 9:46,0.0,12748,United Kingdom
362026,568401,21394,damages,-35,9/27/2011 10:30,0.0,0,United Kingdom
362365,568442,37327,damages,-131,9/27/2011 11:31,0.0,0,United Kingdom
363657,568567,46000S,POLYESTER FILLER PAD 40x40cm,320,9/27/2011 18:41,0.0,0,United Kingdom
363658,568567,46000M,POLYESTER FILLER PAD 45x45cm,140,9/27/2011 18:41,0.0,0,United Kingdom
366477,568724,84816,damages,-21,9/28/2011 16:27,0.0,0,United Kingdom
368142,568946,22740,adjustment,89,9/29/2011 15:01,0.0,0,United Kingdom
368163,568948,20984,found,120,9/29/2011 15:13,0.0,0,United Kingdom
369778,569098,21098,damages?,-231,9/30/2011 12:09,0.0,0,United Kingdom
370191,569131,22927,damaged,-5,9/30/2011 13:49,0.0,0,United Kingdom
373013,569256,20774,damaged,-14,10/3/2011 11:15,0.0,0,United Kingdom
373600,569335,84660A,damaged,-15,10/3/2011 13:57,0.0,0,United Kingdom
373660,569341,82600,historic computer difference?....se,-458,10/3/2011 14:19,0.0,0,United Kingdom
375426,569463,23268,Lighthouse Trading zero invc incorr,192,10/4/2011 11:39,0.0,0,United Kingdom
375427,569464,23268,Incorrect stock entry.,-1440,10/4/2011 11:40,0.0,0,United Kingdom
375428,569465,23269,incorrect stock entry.,-1440,10/4/2011 11:41,0.0,0,United Kingdom
375429,569466,23270,incorrect stock entry.,-2880,10/4/2011 11:42,0.0,0,United Kingdom
378657,569657,84944,michel oops,22,10/5/2011 12:59,0.0,0,United Kingdom
379913,569716,22778,GLASS CLOCHE SMALL,2,10/6/2011 8:17,0.0,15804,United Kingdom
380687,569830,23343,wrongly coded 20713,800,10/6/2011 12:38,0.0,0,United Kingdom
380688,569831,20713,wrongly coded-23343,-800,10/6/2011 12:38,0.0,0,United Kingdom
381306,569854,35954,counted,-430,10/6/2011 14:26,0.0,0,United Kingdom
381307,569855,23412,?,-30,10/6/2011 14:27,0.0,0,United Kingdom
381675,569874,90180A,stock check,-32,10/6/2011 15:06,0.0,0,United Kingdom
381676,569875,90195A,check,-45,10/6/2011 15:07,0.0,0,United Kingdom
381677,569876,90210D,check,-28,10/6/2011 15:08,0.0,0,United Kingdom
381679,569878,90057,crushed boxes,-380,10/6/2011 15:12,0.0,0,United Kingdom
381680,569879,90012B,check,-5,10/6/2011 15:13,0.0,0,United Kingdom
381681,569880,90012A,stock check,-18,10/6/2011 15:14,0.0,0,United Kingdom
381684,569883,90014A,check,-12,10/6/2011 15:16,0.0,0,United Kingdom
381687,569886,90191,??,-60,10/6/2011 15:24,0.0,0,United Kingdom
384187,570110,22570,?,-74,10/7/2011 12:27,0.0,0,United Kingdom
384222,570112,22569,?,-84,10/7/2011 12:29,0.0,0,United Kingdom
384867,570185,21090,WET/MOULDY,-192,10/7/2011 14:56,0.0,0,United Kingdom
385339,570193,22449,can't find,-125,10/7/2011 15:32,0.0,0,United Kingdom
387525,570294,84249A,damaged,-25,10/10/2011 12:00,0.0,0,United Kingdom
387849,570403,47574A,check,-61,10/10/2011 12:45,0.0,0,United Kingdom
388479,570440,21424,damages,-40,10/10/2011 14:31,0.0,0,United Kingdom
390718,570595,21823,check,-94,10/11/2011 11:47,0.0,0,United Kingdom
390719,570596,21803,check,-38,10/11/2011 11:48,0.0,0,United Kingdom
390852,570599,84596G,??,-365,10/11/2011 12:00,0.0,0,United Kingdom
392446,570691,85231G,check,-110,10/11/2011 16:44,0.0,0,United Kingdom
392674,570711,21622,damages,-45,10/12/2011 10:14,0.0,0,United Kingdom
392675,570712,22121,?,-90,10/12/2011 10:15,0.0,0,United Kingdom
393358,570822,22501,Found,24,10/12/2011 12:52,0.0,0,United Kingdom
393907,570860,16168M,found,44,10/12/2011 15:25,0.0,0,United Kingdom
394643,570873,23322,mouldy,-40,10/12/2011 16:41,0.0,0,United Kingdom
394644,570874,23020,smashed,-4,10/12/2011 16:42,0.0,0,United Kingdom
395168,571024,22812,?,-270,10/13/2011 12:18,0.0,0,United Kingdom
395529,571035,M,Manual,1,10/13/2011 12:50,0.0,12446,RSA
397022,571112,22637,damages,-65,10/13/2011 17:36,0.0,0,United Kingdom
397026,571116,23131,?,-49,10/13/2011 17:46,0.0,0,United Kingdom
397212,571124,72802A,Wet pallet-thrown away,-306,10/14/2011 9:36,0.0,0,United Kingdom
397225,571126,72802A,?,-50,10/14/2011 9:53,0.0,0,United Kingdom
397227,571128,72802A,Had been put aside.,54,10/14/2011 10:03,0.0,0,United Kingdom
397247,571130,72802C,check,-37,10/14/2011 10:05,0.0,0,United Kingdom
397248,571131,72802B,check,-51,10/14/2011 10:13,0.0,0,United Kingdom
398625,571254,23427,damaged,-2,10/14/2011 17:07,0.0,0,United Kingdom
401995,571458,21761,damaged,-2,10/17/2011 14:02,0.0,0,United Kingdom
401996,571459,20839,damages,-80,10/17/2011 14:03,0.0,0,United Kingdom
403534,571633,20713,found,100,10/18/2011 11:27,0.0,0,United Kingdom
404757,571686,22149,damages,-40,10/18/2011 14:22,0.0,0,United Kingdom
404758,571687,22149,check,-46,10/18/2011 14:23,0.0,0,United Kingdom
404951,571704,23579,Sale error,4,10/18/2011 15:15,0.0,0,United Kingdom
407938,571915,21627,check,-32,10/19/2011 15:34,0.0,0,United Kingdom
414145,572345,20713,Found,100,10/24/2011 10:53,0.0,0,United Kingdom
414583,572468,72803A,damages,-160,10/24/2011 13:30,0.0,0,United Kingdom
414723,572476,20665,dotcom,21,10/24/2011 13:39,0.0,0,United Kingdom
414724,572477,20665,adjustment,-15,10/24/2011 13:39,0.0,0,United Kingdom
414729,572480,22049,damaged,-100,10/24/2011 13:44,0.0,0,United Kingdom
414960,572510,20967,Amazon Adjustment,1,10/24/2011 14:27,0.0,0,United Kingdom
415121,572516,22336,damaged,-71,10/24/2011 14:45,0.0,0,United Kingdom
415236,572527,20984,damaged,-46,10/24/2011 15:35,0.0,0,United Kingdom
415582,572547,20713,wrongly marked 23343,200,10/24/2011 17:01,0.0,0,United Kingdom
415583,572548,23343,20713 wrongly marked,-200,10/24/2011 17:01,0.0,0,United Kingdom
416748,572557,22427,damages,-29,10/24/2011 17:44,0.0,0,United Kingdom
417107,572614,23595,adjustment,5,10/25/2011 11:38,0.0,0,United Kingdom
417108,572615,23595,re-adjustment,-5,10/25/2011 11:39,0.0,0,United Kingdom
418063,572684,23029,damages,-20,10/25/2011 14:00,0.0,0,United Kingdom
418064,572685,23032,damages,-60,10/25/2011 14:01,0.0,0,United Kingdom
418065,572686,23118,Breakages,-30,10/25/2011 14:03,0.0,0,United Kingdom
418066,572687,20840,damages,-30,10/25/2011 14:05,0.0,0,United Kingdom
418091,572689,84969,check,-50,10/25/2011 14:13,0.0,0,United Kingdom
418092,572690,21539,damages?,-111,10/25/2011 14:14,0.0,0,United Kingdom
418093,572691,22426,check,-15,10/25/2011 14:15,0.0,0,United Kingdom
418094,572692,21071,check,-82,10/25/2011 14:16,0.0,0,United Kingdom
418095,572693,35810A,check,-78,10/25/2011 14:20,0.0,0,United Kingdom
418125,572697,22087,Amazon,6,10/25/2011 14:24,0.0,0,United Kingdom
418126,572698,82613A,Amazon,1,10/25/2011 14:25,0.0,0,United Kingdom
418129,572701,85078,missing,-840,10/25/2011 14:31,0.0,0,United Kingdom
418130,572702,37479P,??,-184,10/25/2011 14:33,0.0,0,United Kingdom
418453,572723,21829,adjustment,12,10/25/2011 15:13,0.0,0,United Kingdom
418454,572724,84507C,adjustment,4,10/25/2011 15:14,0.0,0,United Kingdom
418455,572725,20754,Found,57,10/25/2011 15:14,0.0,0,United Kingdom
418658,572739,21578,found,16,10/25/2011 15:44,0.0,0,United Kingdom
418659,572740,22687,adjustment,1,10/25/2011 15:45,0.0,0,United Kingdom
418839,572748,21824,check,-103,10/25/2011 16:50,0.0,0,United Kingdom
418840,572749,22572,??,-335,10/25/2011 16:52,0.0,0,United Kingdom
420390,572890,20713,Marked as 23343,400,10/26/2011 14:14,0.0,0,United Kingdom
420391,572891,23343,20713,-400,10/26/2011 14:14,0.0,0,United Kingdom
420404,572893,21208,PASTEL COLOUR HONEYCOMB FAN,5,10/26/2011 14:36,0.0,18059,United Kingdom
421092,572919,72802C,check,-17,10/26/2011 16:49,0.0,0,United Kingdom
421093,572920,72803A,?,117,10/26/2011 16:52,0.0,0,United Kingdom
421521,572996,23462,damages,-34,10/27/2011 11:22,0.0,0,United Kingdom
422693,573107,21794,adjustment,10,10/27/2011 15:06,0.0,0,United Kingdom
422750,573114,20713,wrongly coded 23343,1000,10/27/2011 15:36,0.0,0,United Kingdom
422751,573115,23343,wrongly coded 20713,-1000,10/27/2011 15:37,0.0,0,United Kingdom
422811,573118,85032D,damaged,-1,10/27/2011 16:19,0.0,0,United Kingdom
423946,573169,35600A,Found by jackie,1,10/28/2011 9:56,0.0,0,United Kingdom
423947,573170,21174,found,71,10/28/2011 9:59,0.0,0,United Kingdom
424303,573254,85135C,Damages,-49,10/28/2011 12:18,0.0,0,United Kingdom
424304,573255,85135B,check,3,10/28/2011 12:18,0.0,0,United Kingdom
424306,573258,85136C,damages,-36,10/28/2011 12:19,0.0,0,United Kingdom
424308,573259,85136A,damages,-77,10/28/2011 12:20,0.0,0,United Kingdom
424958,573293,21181,adjustment,10,10/28/2011 15:14,0.0,0,United Kingdom
428475,573463,17012B,check,-70,10/31/2011 10:56,0.0,0,United Kingdom
428523,573482,21181,check,-54,10/31/2011 11:20,0.0,0,United Kingdom
428616,573487,23400,check,-19,10/31/2011 11:46,0.0,0,United Kingdom
428618,573489,85035B,check,-36,10/31/2011 11:48,0.0,0,United Kingdom
428619,573490,85035A,CHECK,-59,10/31/2011 11:55,0.0,0,United Kingdom
428620,573491,21618,CHECK,-54,10/31/2011 11:56,0.0,0,United Kingdom
428659,573493,21619,check,-94,10/31/2011 11:57,0.0,0,United Kingdom
428660,573494,47503H,check,-24,10/31/2011 11:57,0.0,0,United Kingdom
428661,573495,22117,check,184,10/31/2011 11:58,0.0,0,United Kingdom
428764,573497,21642,check,-138,10/31/2011 12:00,0.0,0,United Kingdom
428765,573498,21636,check,-22,10/31/2011 12:00,0.0,0,United Kingdom
428766,573499,21192,check,-164,10/31/2011 12:01,0.0,0,United Kingdom
428881,573503,22595,check,-80,10/31/2011 12:03,0.0,0,United Kingdom
428890,573505,85208,check,-22,10/31/2011 12:09,0.0,0,United Kingdom
429185,573547,84818,damages,-70,10/31/2011 13:21,0.0,0,United Kingdom
431375,573590,79323G,"Unsaleable, destroyed.",-657,10/31/2011 15:15,0.0,0,United Kingdom
431376,573591,79323B,"Unsaleable, destroyed.",-1671,10/31/2011 15:15,0.0,0,United Kingdom
431377,573592,79323GR,"Unsaleable, destroyed.",-1158,10/31/2011 15:16,0.0,0,United Kingdom
431378,573593,79323LP,"Unsaleable, destroyed.",-2618,10/31/2011 15:16,0.0,0,United Kingdom
431379,573594,79323P,"Unsaleable, destroyed.",-2003,10/31/2011 15:16,0.0,0,United Kingdom
431380,573595,79323S,"Unsaleable, destroyed.",-674,10/31/2011 15:17,0.0,0,United Kingdom
431381,573596,79323W,"Unsaleable, destroyed.",-4830,10/31/2011 15:17,0.0,0,United Kingdom
431382,573597,79341,"Unsaleable, destroyed.",-905,10/31/2011 15:18,0.0,0,United Kingdom
431383,573598,79342B,"Unsaleable, destroyed.",-1128,10/31/2011 15:18,0.0,0,United Kingdom
431590,573664,21192,wrongly marked,48,10/31/2011 16:07,0.0,0,United Kingdom
431658,573670,22176,check,-28,10/31/2011 17:02,0.0,0,United Kingdom
431659,573672,22522,check,-126,10/31/2011 17:04,0.0,0,United Kingdom
431671,573726,72817,check,-67,10/31/2011 17:18,0.0,0,United Kingdom
431672,573734,72818,check,-26,10/31/2011 17:19,0.0,0,United Kingdom
431798,573751,46000U,check,10,11/1/2011 9:33,0.0,0,United Kingdom
431799,573752,46000S,dotcom sales,-90,11/1/2011 9:34,0.0,0,United Kingdom
432117,573815,20902,check,-3,11/1/2011 11:31,0.0,0,United Kingdom
432118,573816,20898,check,-10,11/1/2011 11:32,0.0,0,United Kingdom
432670,573880,22812,check,48,11/1/2011 13:21,0.0,0,United Kingdom
432671,573881,21098,had been put aside,108,11/1/2011 13:22,0.0,0,United Kingdom
432672,573882,23131,had been put aside,48,11/1/2011 13:23,0.0,0,United Kingdom
432673,573883,22121,had been put aside,32,11/1/2011 13:24,0.0,0,United Kingdom
432674,573884,22687,had been put aside,20,11/1/2011 13:25,0.0,0,United Kingdom
432675,573885,22689,had been put aside,40,11/1/2011 13:26,0.0,0,United Kingdom
433457,573919,21352,check,-23,11/1/2011 17:39,0.0,0,United Kingdom
433458,573920,84050,check,14,11/1/2011 18:00,0.0,0,United Kingdom
433527,573926,47503A,check,65,11/2/2011 9:52,0.0,0,United Kingdom
433687,573978,21644,check,27,11/2/2011 11:02,0.0,0,United Kingdom
433688,573979,35968,check,9,11/2/2011 11:02,0.0,0,United Kingdom
433689,573980,21539,check,4,11/2/2011 11:03,0.0,0,United Kingdom
433690,573981,21700,check,26,11/2/2011 11:05,0.0,0,United Kingdom
433692,573983,82600,check,3,11/2/2011 11:08,0.0,0,United Kingdom
433693,573984,16207A,check,2,11/2/2011 11:09,0.0,0,United Kingdom
433694,573985,22848,check,2,11/2/2011 11:09,0.0,0,United Kingdom
433695,573986,84659A,check,19,11/2/2011 11:13,0.0,0,United Kingdom
433696,573987,21349,check,1,11/2/2011 11:14,0.0,0,United Kingdom
433697,573988,22925,check,1,11/2/2011 11:14,0.0,0,United Kingdom
433698,573989,23091,check,2,11/2/2011 11:14,0.0,0,United Kingdom
433699,573990,22606,check,1,11/2/2011 11:18,0.0,0,United Kingdom
433700,573991,21804,check,36,11/2/2011 11:19,0.0,0,United Kingdom
436247,574094,22147,check,-80,11/3/2011 9:46,0.0,0,United Kingdom
436421,574123,22652,check,-111,11/3/2011 10:55,0.0,0,United Kingdom
436428,574138,23234,BISCUIT TIN VINTAGE CHRISTMAS,216,11/3/2011 11:26,0.0,12415,Australia
436593,574171,21818,check,-130,11/3/2011 11:45,0.0,0,United Kingdom
436594,574173,35923,check,-42,11/3/2011 11:46,0.0,0,United Kingdom
436597,574175,22065,CHRISTMAS PUDDING TRINKET POT ,12,11/3/2011 11:47,0.0,14110,United Kingdom
436598,574176,85054,check,-39,11/3/2011 11:48,0.0,0,United Kingdom
436631,574198,21159,damaged,-40,11/3/2011 12:00,0.0,0,United Kingdom
436961,574252,M,Manual,1,11/3/2011 13:24,0.0,12437,France
439271,574438,85054,found,27,11/4/2011 11:35,0.0,0,United Kingdom
439361,574469,22385,JUMBO BAG SPACEBOY DESIGN,12,11/4/2011 11:55,0.0,12431,Australia
441505,574577,21519,check,-80,11/4/2011 17:09,0.0,0,United Kingdom
441506,574578,40001,check,-240,11/4/2011 17:09,0.0,0,United Kingdom
441507,574579,72802B,check,-203,11/4/2011 17:14,0.0,0,United Kingdom
441508,574580,20751,check,-35,11/4/2011 17:44,0.0,0,United Kingdom
441509,574581,23187,check,-62,11/4/2011 17:45,0.0,0,United Kingdom
441510,574582,84279P,check,-104,11/4/2011 17:46,0.0,0,United Kingdom
441511,574583,22892,check,-62,11/4/2011 17:46,0.0,0,United Kingdom
445107,574757,72802C,damages,-54,11/7/2011 10:08,0.0,0,United Kingdom
445127,574816,85036C,damages wax,-1560,11/7/2011 10:37,0.0,0,United Kingdom
445128,574822,85036B,damages wax,-1284,11/7/2011 10:38,0.0,0,United Kingdom
446125,574879,22625,RED KITCHEN SCALES,2,11/7/2011 13:22,0.0,13014,United Kingdom
446552,574906,85034A,damaged,-81,11/7/2011 15:30,0.0,0,United Kingdom
446793,574920,22899,CHILDREN'S APRON DOLLY GIRL ,1,11/7/2011 16:34,0.0,13985,United Kingdom
446794,574920,23480,MINI LIGHTS WOODLAND MUSHROOMS,1,11/7/2011 16:34,0.0,13985,United Kingdom
448316,575048,84665,water damaged,-15,11/8/2011 12:12,0.0,0,United Kingdom
450197,575175,84279P,found,84,11/8/2011 18:07,0.0,0,United Kingdom
451849,575287,84508A,check,-39,11/9/2011 12:15,0.0,0,United Kingdom
454350,575518,10080,check,22,11/10/2011 10:53,0.0,0,United Kingdom
454463,575579,22437,SET OF 9 BLACK SKULL BALLOONS,20,11/10/2011 11:49,0.0,13081,United Kingdom
454464,575579,22089,PAPER BUNTING VINTAGE PAISLEY,24,11/10/2011 11:49,0.0,13081,United Kingdom
455405,575613,23118,check,-6,11/10/2011 12:47,0.0,0,United Kingdom
455406,575614,22121,check,-10,11/10/2011 12:48,0.0,0,United Kingdom
455407,575615,82582,??,-130,11/10/2011 12:51,0.0,0,United Kingdom
455410,575617,21014,check,-90,11/10/2011 12:53,0.0,0,United Kingdom
455512,575625,35972,check,-3,11/10/2011 13:20,0.0,0,United Kingdom
456646,575704,21843,smashed,-63,11/10/2011 17:00,0.0,0,United Kingdom
456793,575714,85125,check,-64,11/10/2011 17:55,0.0,0,United Kingdom
456794,575715,72802B,check,-36,11/10/2011 17:58,0.0,0,United Kingdom
456795,575716,72802C,check,-21,11/10/2011 18:00,0.0,0,United Kingdom
456796,575717,85175,check,-42,11/10/2011 18:02,0.0,0,United Kingdom
456828,575719,35954,check,24,11/10/2011 18:08,0.0,0,United Kingdom
456829,575720,21817,check,-8,11/10/2011 18:09,0.0,0,United Kingdom
456830,575721,22804,Wrongly mrked had 85123a in box,-256,11/10/2011 18:19,0.0,0,United Kingdom
456831,575722,85123A,wrongly marked carton 22804,-256,11/10/2011 18:20,0.0,0,United Kingdom
457862,575748,23298,SPOTTY BUNTING,1,11/11/2011 10:21,0.0,0,United Kingdom
460357,575907,22268,check,-10,11/11/2011 15:52,0.0,0,United Kingdom
460379,575909,20711,check,-220,11/11/2011 16:02,0.0,0,United Kingdom
460398,575912,22943,check,-7,11/11/2011 16:20,0.0,0,United Kingdom
464521,576109,21181,adjustment,180,11/14/2011 10:33,0.0,0,United Kingdom
464813,576185,22575,missing?,-130,11/14/2011 11:25,0.0,0,United Kingdom
465697,576250,71279,damages,-74,11/14/2011 13:50,0.0,0,United Kingdom
467818,576366,23072,damages,-50,11/14/2011 18:30,0.0,0,United Kingdom
467819,576367,23071,damages,-65,11/14/2011 18:31,0.0,0,United Kingdom
467820,576368,21135,wet rusty,-864,11/14/2011 18:33,0.0,0,United Kingdom
467821,576369,21135,wet rusty,-288,11/14/2011 18:35,0.0,0,United Kingdom
468278,576407,47590B,check,-57,11/15/2011 11:18,0.0,0,United Kingdom
468279,576410,71038,check,-16,11/15/2011 11:20,0.0,0,United Kingdom
468280,576411,85111,check,-117,11/15/2011 11:20,0.0,0,United Kingdom
468298,576413,17012C,check,-22,11/15/2011 11:21,0.0,0,United Kingdom
468299,576414,17012F,check,14,11/15/2011 11:21,0.0,0,United Kingdom
468301,576419,85036B,check,-23,11/15/2011 11:23,0.0,0,United Kingdom
468302,576424,85036C,check,-4,11/15/2011 11:24,0.0,0,United Kingdom
468303,576426,21051,found,240,11/15/2011 11:24,0.0,0,United Kingdom
468305,576436,22943,check,-26,11/15/2011 11:27,0.0,0,United Kingdom
471327,576632,21823,amazon adjust,10,11/16/2011 8:55,0.0,0,United Kingdom
471391,576643,85127,found,6,11/16/2011 10:00,0.0,0,United Kingdom
472221,576673,22548,adjustment,4,11/16/2011 11:59,0.0,0,United Kingdom
472222,576674,21823,damaged,-6,11/16/2011 12:00,0.0,0,United Kingdom
472223,576675,37327,adjustment,3,11/16/2011 12:01,0.0,0,United Kingdom
472839,576762,21744,check,-21,11/16/2011 13:08,0.0,0,United Kingdom
472840,576763,23035,check,-64,11/16/2011 13:09,0.0,0,United Kingdom
472841,576764,16008,check,-1510,11/16/2011 13:10,0.0,0,United Kingdom
472842,576765,22219,???lost,-550,11/16/2011 13:11,0.0,0,United Kingdom
472843,576766,85019B,check,15,11/16/2011 13:11,0.0,0,United Kingdom
472844,576767,22339,check,-60,11/16/2011 13:12,0.0,0,United Kingdom
472927,576773,22181,check,-92,11/16/2011 13:21,0.0,0,United Kingdom
472944,576776,21811,check,-240,11/16/2011 13:22,0.0,0,United Kingdom
474060,576839,35818B,adjustment,-22,11/16/2011 15:21,0.0,0,United Kingdom
474647,576843,10133,damaged,-82,11/16/2011 15:32,0.0,0,United Kingdom
476866,577037,72817,dotcomstock,4,11/17/2011 13:27,0.0,0,United Kingdom
478681,577102,21915,John Lewis,200,11/17/2011 17:01,0.0,0,United Kingdom
478924,577111,22587,check,-41,11/17/2011 17:55,0.0,0,United Kingdom
478925,577112,22586,check,-30,11/17/2011 17:55,0.0,0,United Kingdom
478926,577113,22271,check,-43,11/17/2011 17:58,0.0,0,United Kingdom
478927,577114,21786,check,-209,11/17/2011 17:59,0.0,0,United Kingdom
478928,577115,85035C,check,-24,11/17/2011 18:02,0.0,0,United Kingdom
478929,577116,21165,check,-28,11/17/2011 18:04,0.0,0,United Kingdom
478930,577117,22149,check,34,11/17/2011 18:04,0.0,0,United Kingdom
478931,577118,22286,check,-47,11/17/2011 18:05,0.0,0,United Kingdom
478932,577119,22778,check,-10,11/17/2011 18:08,0.0,0,United Kingdom
478933,577120,20752,check,-10,11/17/2011 18:09,0.0,0,United Kingdom
478966,577122,23348,sold with wrong barcode,-57,11/17/2011 18:33,0.0,0,United Kingdom
478967,577123,23288,check,-63,11/17/2011 18:34,0.0,0,United Kingdom
478968,577124,22759,check,-327,11/17/2011 18:41,0.0,0,United Kingdom
479079,577129,22464,HANGING METAL HEART LANTERN,4,11/17/2011 19:52,0.0,15602,United Kingdom
479162,577144,22759,found,96,11/18/2011 9:35,0.0,0,United Kingdom
479163,577145,20832,check,110,11/18/2011 9:35,0.0,0,United Kingdom
479546,577168,M,Manual,1,11/18/2011 10:42,0.0,12603,Germany
480177,577263,47503H,found,66,11/18/2011 12:31,0.0,0,United Kingdom
480498,577304,20956,check,-152,11/18/2011 13:04,0.0,0,United Kingdom
480499,577305,22946,check,-21,11/18/2011 13:06,0.0,0,United Kingdom
480501,577307,16169E,check,-313,11/18/2011 13:06,0.0,0,United Kingdom
480649,577314,23407,SET OF 2 TRAYS HOME SWEET HOME,2,11/18/2011 13:23,0.0,12444,Norway
485593,577611,23118,dotcom adjust,10,11/21/2011 9:59,0.0,0,United Kingdom
485594,577612,21181,dotcom,20,11/21/2011 9:59,0.0,0,United Kingdom
485985,577696,M,Manual,1,11/21/2011 11:57,0.0,16406,United Kingdom
487975,577787,23055,rusty thrown away,-398,11/21/2011 16:28,0.0,0,United Kingdom
487976,577788,23056,rusty throw away,-210,11/21/2011 16:28,0.0,0,United Kingdom
487977,577789,23057,rusty throw away,-280,11/21/2011 16:28,0.0,0,United Kingdom
488491,577829,85231G,amazon,1,11/22/2011 9:55,0.0,0,United Kingdom
488575,577836,21888,check,-57,11/22/2011 10:26,0.0,0,United Kingdom
489147,577942,21811,check,26,11/22/2011 12:08,0.0,0,United Kingdom
489148,577944,47503A,check,56,11/22/2011 12:08,0.0,0,United Kingdom
489149,577947,21992,check,13,11/22/2011 12:08,0.0,0,United Kingdom
489150,577949,21804,check,44,11/22/2011 12:09,0.0,0,United Kingdom
489195,577953,23348,check,5,11/22/2011 12:09,0.0,0,United Kingdom
489196,577954,17136A,check,3,11/22/2011 12:10,0.0,0,United Kingdom
489198,577959,85107,check?,374,11/22/2011 12:11,0.0,0,United Kingdom
489243,577999,21018,damaged,-63,11/22/2011 12:29,0.0,0,United Kingdom
492198,578095,23397,damaged,-9,11/22/2011 17:25,0.0,0,United Kingdom
492659,578145,22579,dotcom,-40,11/23/2011 11:07,0.0,0,United Kingdom
493686,578245,22568,?? missing,-170,11/23/2011 12:37,0.0,0,United Kingdom
495850,578327,72807A,wet pallet,-504,11/23/2011 17:55,0.0,0,United Kingdom
495851,578328,72807B,wet pallet,-696,11/23/2011 17:55,0.0,0,United Kingdom
495852,578329,72807C,wet pallet,-408,11/23/2011 17:56,0.0,0,United Kingdom
497489,578374,21937,found,50,11/24/2011 11:21,0.0,0,United Kingdom
497816,578473,72807B,damages,-101,11/24/2011 12:43,0.0,0,United Kingdom
497817,578474,72807A,damages,-56,11/24/2011 12:44,0.0,0,United Kingdom
497818,578475,72807C,damages,-149,11/24/2011 12:44,0.0,0,United Kingdom
497819,578476,72807B,????missing,-124,11/24/2011 12:45,0.0,0,United Kingdom
497820,578477,72807A,???missing,-224,11/24/2011 12:45,0.0,0,United Kingdom
497821,578478,72807C,???missing,-428,11/24/2011 12:45,0.0,0,United Kingdom
498580,578524,22810,check,-25,11/24/2011 14:20,0.0,0,United Kingdom
498581,578525,22152,check,-179,11/24/2011 14:21,0.0,0,United Kingdom
498595,578527,21819,check,-14,11/24/2011 14:24,0.0,0,United Kingdom
498596,578528,22601,check,-20,11/24/2011 14:24,0.0,0,United Kingdom
499785,578691,85034A,check,24,11/25/2011 9:37,0.0,0,United Kingdom
499786,578692,23157,check,212,11/25/2011 9:38,0.0,0,United Kingdom
499887,578700,72807A,AMAZON,1,11/25/2011 10:49,0.0,0,United Kingdom
500145,578733,21643,damaged,-9,11/25/2011 11:32,0.0,0,United Kingdom
502118,578837,35833P,check,-24,11/25/2011 15:51,0.0,0,United Kingdom
502119,578838,21591,check,-267,11/25/2011 15:52,0.0,0,United Kingdom
502120,578839,22959,check,-175,11/25/2011 15:52,0.0,0,United Kingdom
502121,578840,22142,check,-70,11/25/2011 15:54,0.0,0,United Kingdom
502122,578841,84826,ASSTD DESIGN 3D PAPER STICKERS,12540,11/25/2011 15:57,0.0,13256,United Kingdom
503634,578930,22848,AMAZON,1,11/27/2011 12:39,0.0,0,United Kingdom
508834,579275,22176,amazon,1,11/29/2011 10:02,0.0,0,United Kingdom
510117,579429,20711,lost in space,-98,11/29/2011 13:04,0.0,0,United Kingdom
513790,579563,85135C,found,36,11/30/2011 11:41,0.0,0,United Kingdom
514180,579680,22533,check,60,11/30/2011 13:29,0.0,0,United Kingdom
514181,579681,21615,check,-26,11/30/2011 13:33,0.0,0,United Kingdom
514182,579682,85172,check,-145,11/30/2011 13:33,0.0,0,United Kingdom
514183,579683,21868,check,-28,11/30/2011 13:35,0.0,0,United Kingdom
514646,579731,35648,check,-46,11/30/2011 14:23,0.0,0,United Kingdom
514647,579732,35648,check,-10,11/30/2011 14:24,0.0,0,United Kingdom
514648,579733,84581,check,-41,11/30/2011 14:24,0.0,0,United Kingdom
514649,579734,84859C,wet?,-153,11/30/2011 14:25,0.0,0,United Kingdom
514650,579735,21793,check,-40,11/30/2011 14:25,0.0,0,United Kingdom
514735,579742,85204,lost??,-1131,11/30/2011 14:34,0.0,0,United Kingdom
514736,579743,21810,check,-135,11/30/2011 14:36,0.0,0,United Kingdom
514788,579745,22043,check,-40,11/30/2011 14:39,0.0,0,United Kingdom
514981,579755,84912B,damaged,-14,11/30/2011 14:54,0.0,0,United Kingdom
516171,579873,35819B,check,18,11/30/2011 17:00,0.0,0,United Kingdom
516188,579879,22759,check,17,11/30/2011 17:13,0.0,0,United Kingdom
519355,580145,22925,AMAZON,1,12/2/2011 10:03,0.0,0,United Kingdom
519986,580218,22577,check,-300,12/2/2011 12:12,0.0,0,United Kingdom
521408,580366,22923,FRIDGE MAGNETS LES ENFANTS ASSORTED,6,12/2/2011 16:38,0.0,0,United Kingdom
521417,580366,23169,CLASSIC GLASS COOKIE JAR,6,12/2/2011 16:38,0.0,0,United Kingdom
521436,580366,DOT,DOTCOM POSTAGE,1,12/2/2011 16:38,0.0,0,United Kingdom
522157,580376,22606,check,8,12/2/2011 17:49,0.0,0,United Kingdom
522158,580377,84609,damages,-29,12/2/2011 17:52,0.0,0,United Kingdom
522159,580378,22792,damages,-73,12/2/2011 17:56,0.0,0,United Kingdom
522161,580380,21620,check,-20,12/2/2011 17:58,0.0,0,United Kingdom
522163,580382,16045,check,-900,12/2/2011 17:59,0.0,0,United Kingdom
522164,580383,20652,check,-37,12/2/2011 17:59,0.0,0,United Kingdom
522245,580390,21888,Amazon,1,12/4/2011 10:37,0.0,0,United Kingdom
522246,580391,21868,Amazon,1,12/4/2011 10:42,0.0,0,United Kingdom
524369,580546,23406,CHECK,-21,12/5/2011 9:27,0.0,0,United Kingdom
524370,580547,21201,???,-390,12/5/2011 9:29,0.0,0,United Kingdom
524375,580549,84876B,found,66,12/5/2011 9:54,0.0,0,United Kingdom
524472,580561,22043,dotcom,-9,12/5/2011 10:25,0.0,0,United Kingdom
524474,580586,21804,dotcom,4,12/5/2011 10:34,0.0,0,United Kingdom
524622,580609,22927,Amazon,1,12/5/2011 11:41,0.0,0,United Kingdom
532723,580990,21109,wet,-48,12/6/2011 16:54,0.0,0,United Kingdom
532724,580991,22481,wet boxes,-288,12/6/2011 16:55,0.0,0,United Kingdom
535134,581190,84801A,check,-102,12/7/2011 16:55,0.0,0,United Kingdom
535321,581198,22025,check,-30,12/7/2011 18:26,0.0,0,United Kingdom
535323,581200,84508C,check,-21,12/7/2011 18:27,0.0,0,United Kingdom
535324,581201,22217,damages?,-155,12/7/2011 18:30,0.0,0,United Kingdom
535325,581202,23404,check,41,12/7/2011 18:30,0.0,0,United Kingdom
535327,581204,85104,????damages????,-355,12/7/2011 18:32,0.0,0,United Kingdom
535328,581205,20893,damages,-55,12/7/2011 18:32,0.0,0,United Kingdom
535329,581206,21693,mixed up,-87,12/7/2011 18:34,0.0,0,United Kingdom
535330,581207,21688,mixed up,-337,12/7/2011 18:34,0.0,0,United Kingdom
535331,581208,72801C,check,-10,12/7/2011 18:35,0.0,0,United Kingdom
535333,581210,23395,check,-26,12/7/2011 18:36,0.0,0,United Kingdom
535334,581211,22142,check,14,12/7/2011 18:36,0.0,0,United Kingdom
535335,581212,22578,lost,-1050,12/7/2011 18:38,0.0,0,United Kingdom
535336,581213,22576,check,-30,12/7/2011 18:38,0.0,0,United Kingdom
536908,581226,23090,missing,-338,12/8/2011 9:56,0.0,0,United Kingdom
538504,581406,46000M,POLYESTER FILLER PAD 45x45cm,240,12/8/2011 13:58,0.0,0,United Kingdom
538505,581406,46000S,POLYESTER FILLER PAD 40x40cm,300,12/8/2011 13:58,0.0,0,United Kingdom
538919,581422,23169,smashed,-235,12/8/2011 15:24,0.0,0,United Kingdom
